squad,#_pl,age,poss,playing_time_mp,playing_time_starts,playing_time_min,playing_time_90s,performance_gls,performance_ast,performance_g_a,performance_g_pk,performance_pk,performance_pkatt,performance_crdy,performance_crdr,per_90_minutes_gls,per_90_minutes_ast,per_90_minutes_g_a,per_90_minutes_g_pk,per_90_minutes_g_a_pk,season,expected_xg,expected_npxg,expected_xag,expected_npxg_xag,progression_prgc,progression_prgp,per_90_minutes_xg,per_90_minutes_xag,per_90_minutes_xg_xag,per_90_minutes_npxg,per_90_minutes_npxg_xag,squad_clean,season_start_year
Arsenal,26,28.3,,38,418,3420,38.0,62,52,114,61,1,2,48,3.0,1.63,1.37,3.0,1.61,2.97,2000-01,,,,,,,,,,,,Arsenal,2000
Aston Villa,23,28.1,,38,419,3420,38.0,46,35,81,45,1,1,64,3.0,1.21,0.92,2.13,1.18,2.11,2000-01,,,,,,,,,,,,Aston Villa,2000
Bradford City,30,30.2,,38,366,3420,38.0,26,17,43,23,3,5,57,1.0,0.68,0.45,1.13,0.61,1.05,2000-01,,,,,,,,,,,,Bradford City,2000
Charlton Ath,27,26.8,,38,418,3420,38.0,47,33,80,44,3,3,49,2.0,1.24,0.87,2.11,1.16,2.03,2000-01,,,,,,,,,,,,Charlton Ath,2000
Chelsea,27,28.1,,38,411,3420,38.0,67,49,116,63,4,4,72,2.0,1.76,1.29,3.05,1.66,2.95,2000-01,,,,,,,,,,,,Chelsea,2000
Coventry City,28,25.7,,38,418,3420,38.0,33,22,55,30,3,3,74,2.0,0.87,0.58,1.45,0.79,1.37,2000-01,,,,,,,,,,,,Coventry City,2000
Derby County,32,25.3,,38,415,3420,38.0,36,24,60,34,2,3,80,3.0,0.95,0.63,1.58,0.89,1.53,2000-01,,,,,,,,,,,,Derby County,2000
Everton,31,27.0,,38,414,3420,38.0,45,28,73,40,5,7,80,4.0,1.18,0.74,1.92,1.05,1.79,2000-01,,,,,,,,,,,,Everton,2000
Ipswich Town,23,26.3,,38,438,3420,38.0,56,39,95,53,3,3,32,2.0,1.47,1.03,2.5,1.39,2.42,2000-01,,,,,,,,,,,,Ipswich Town,2000
Leeds United,26,24.6,,38,425,3420,38.0,63,44,107,60,3,4,75,3.0,1.66,1.16,2.82,1.58,2.74,2000-01,,,,,,,,,,,,Leeds United,2000
Leicester City,29,27.4,,38,425,3420,38.0,39,31,70,36,3,3,61,2.0,1.03,0.82,1.84,0.95,1.76,2000-01,,,,,,,,,,,,Leicester City,2000
Liverpool,26,25.4,,38,415,3420,38.0,70,48,118,67,3,4,55,4.0,1.84,1.26,3.11,1.76,3.03,2000-01,,,,,,,,,,,,Liverpool,2000
Manchester City,30,26.1,,38,434,3420,38.0,38,28,66,36,2,2,67,3.0,1.0,0.74,1.74,0.95,1.68,2000-01,,,,,,,,,,,,Manchester City,2000
Manchester Utd,29,26.9,,38,418,3420,38.0,77,60,137,75,2,3,44,3.0,2.03,1.58,3.61,1.97,3.55,2000-01,,,,,,,,,,,,Manchester United,2000
Middlesbrough,28,29.3,,38,438,3420,38.0,43,25,68,40,3,3,78,6.0,1.13,0.66,1.79,1.05,1.71,2000-01,,,,,,,,,,,,Middlesbrough,2000
Newcastle Utd,29,26.0,,38,424,3420,38.0,42,27,69,37,5,7,48,5.0,1.11,0.71,1.82,0.97,1.68,2000-01,,,,,,,,,,,,Newcastle Utd,2000
Southampton,24,27.1,,38,433,3420,38.0,40,28,68,40,0,0,51,1.0,1.05,0.74,1.79,1.05,1.79,2000-01,,,,,,,,,,,,Southampton,2000
Sunderland,28,26.4,,38,395,3420,38.0,46,32,78,44,2,4,73,5.0,1.21,0.84,2.05,1.16,2.0,2000-01,,,,,,,,,,,,Sunderland,2000
Tottenham,29,26.3,,38,418,3420,38.0,46,31,77,43,3,4,49,3.0,1.21,0.82,2.03,1.13,1.95,2000-01,,,,,,,,,,,,Tottenham Hotspur,2000
West Ham,34,27.6,,38,409,3420,38.0,45,30,75,41,4,4,72,2.0,1.18,0.79,1.97,1.08,1.87,2000-01,,,,,,,,,,,,West Ham,2000
Arsenal,25,27.3,,38,431,3420,38.0,79,54,133,73,6,7,81,6.0,2.08,1.42,3.5,1.92,3.34,2001-02,,,,,,,,,,,,Arsenal,2001
Aston Villa,23,27.2,,38,410,3420,38.0,44,38,82,42,2,2,42,2.0,1.16,1.0,2.16,1.11,2.11,2001-02,,,,,,,,,,,,Aston Villa,2001
Blackburn,27,27.2,,38,416,3420,38.0,54,39,93,53,1,1,58,4.0,1.42,1.03,2.45,1.39,2.42,2001-02,,,,,,,,,,,,Blackburn,2001
Bolton,30,28.6,,38,407,3420,38.0,42,25,67,42,0,1,58,6.0,1.11,0.66,1.76,1.11,1.76,2001-02,,,,,,,,,,,,Bolton,2001
Charlton Ath,25,26.6,,38,418,3420,38.0,36,25,61,36,0,1,61,3.0,0.95,0.66,1.61,0.95,1.61,2001-02,,,,,,,,,,,,Charlton Ath,2001
Chelsea,25,26.8,,38,411,3420,38.0,65,43,108,62,3,3,71,2.0,1.71,1.13,2.84,1.63,2.76,2001-02,,,,,,,,,,,,Chelsea,2001
Derby County,34,25.8,,38,409,3420,38.0,33,23,56,31,2,5,70,2.0,0.87,0.61,1.47,0.82,1.42,2001-02,,,,,,,,,,,,Derby County,2001
Everton,28,28.0,,38,401,3420,38.0,44,31,75,41,3,3,62,4.0,1.16,0.82,1.97,1.08,1.89,2001-02,,,,,,,,,,,,Everton,2001
Fulham,24,27.7,,38,415,3420,38.0,35,28,63,34,1,3,51,1.0,0.92,0.74,1.66,0.89,1.63,2001-02,,,,,,,,,,,,Fulham,2001
Ipswich Town,26,27.2,,38,410,3420,38.0,41,32,73,40,1,3,42,1.0,1.08,0.84,1.92,1.05,1.89,2001-02,,,,,,,,,,,,Ipswich Town,2001
Leeds United,21,26.0,,38,433,3420,38.0,54,46,100,53,1,2,74,5.0,1.42,1.21,2.63,1.39,2.61,2001-02,,,,,,,,,,,,Leeds United,2001
Leicester City,33,27.1,,38,415,3420,38.0,29,21,50,27,2,4,76,3.0,0.76,0.55,1.32,0.71,1.26,2001-02,,,,,,,,,,,,Leicester City,2001
Liverpool,27,25.5,,38,418,3420,38.0,63,51,114,62,1,3,43,2.0,1.66,1.34,3.0,1.63,2.97,2001-02,,,,,,,,,,,,Liverpool,2001
Manchester Utd,28,27.5,,38,402,3420,38.0,81,56,137,76,5,5,52,1.0,2.13,1.47,3.61,2.0,3.47,2001-02,,,,,,,,,,,,Manchester United,2001
Middlesbrough,35,28.2,,38,409,3420,38.0,33,21,54,31,2,3,54,7.0,0.87,0.55,1.42,0.82,1.37,2001-02,,,,,,,,,,,,Middlesbrough,2001
Newcastle Utd,24,25.9,,38,390,3420,38.0,72,53,125,67,5,7,47,2.0,1.89,1.39,3.29,1.76,3.16,2001-02,,,,,,,,,,,,Newcastle Utd,2001
Southampton,30,27.5,,38,390,3420,38.0,42,30,72,38,4,4,34,3.0,1.11,0.79,1.89,1.0,1.79,2001-02,,,,,,,,,,,,Southampton,2001
Sunderland,26,26.5,,38,415,3420,38.0,29,19,48,28,1,3,67,1.0,0.76,0.5,1.26,0.74,1.24,2001-02,,,,,,,,,,,,Sunderland,2001
Tottenham,24,28.7,,38,411,3420,38.0,48,33,81,45,3,3,59,4.0,1.26,0.87,2.13,1.18,2.05,2001-02,,,,,,,,,,,,Tottenham Hotspur,2001
West Ham,28,27.4,,38,419,3420,38.0,48,34,82,44,4,5,68,3.0,1.26,0.89,2.16,1.16,2.05,2001-02,,,,,,,,,,,,West Ham,2001
Arsenal,28,27.8,,38,418,3420,38.0,84,66,150,79,5,6,56,2.0,2.21,1.74,3.95,2.08,3.82,2002-03,,,,,,,,,,,,Arsenal,2002
Aston Villa,27,26.2,,38,418,3420,38.0,42,29,71,39,3,4,66,4.0,1.11,0.76,1.87,1.03,1.79,2002-03,,,,,,,,,,,,Aston Villa,2002
Birmingham City,33,27.9,,38,418,3420,38.0,40,26,66,36,4,5,74,3.0,1.05,0.68,1.74,0.95,1.63,2002-03,,,,,,,,,,,,Birmingham City,2002
Blackburn,28,27.7,,38,418,3420,38.0,50,38,88,45,5,6,66,4.0,1.32,1.0,2.32,1.18,2.18,2002-03,,,,,,,,,,,,Blackburn,2002
Bolton,27,29.1,,38,418,3420,38.0,38,24,62,37,1,2,71,3.0,1.0,0.63,1.63,0.97,1.61,2002-03,,,,,,,,,,,,Bolton,2002
Charlton Ath,26,27.0,,38,420,3420,38.0,43,24,67,39,4,5,56,1.0,1.13,0.63,1.76,1.03,1.66,2002-03,,,,,,,,,,,,Charlton Ath,2002
Chelsea,23,27.8,,38,416,3420,38.0,67,40,107,64,3,3,62,1.0,1.76,1.05,2.82,1.68,2.74,2002-03,,,,,,,,,,,,Chelsea,2002
Everton,28,27.4,,38,392,3420,38.0,48,32,80,44,4,4,56,5.0,1.26,0.84,2.11,1.16,2.0,2002-03,,,,,,,,,,,,Everton,2002
Fulham,27,27.3,,38,417,3420,38.0,38,23,61,32,6,7,58,6.0,1.0,0.61,1.61,0.84,1.45,2002-03,,,,,,,,,,,,Fulham,2002
Leeds United,29,25.8,,38,401,3420,38.0,54,39,93,50,4,5,73,1.0,1.42,1.03,2.45,1.32,2.34,2002-03,,,,,,,,,,,,Leeds United,2002
Liverpool,23,24.9,,38,418,3420,38.0,61,49,110,57,4,6,48,1.0,1.61,1.29,2.89,1.5,2.79,2002-03,,,,,,,,,,,,Liverpool,2002
Manchester City,26,27.8,,38,419,3420,38.0,47,40,87,45,2,2,58,5.0,1.24,1.05,2.29,1.18,2.24,2002-03,,,,,,,,,,,,Manchester City,2002
Manchester Utd,26,27.0,,38,418,3420,38.0,73,56,129,64,9,9,46,1.0,1.92,1.47,3.39,1.68,3.16,2002-03,,,,,,,,,,,,Manchester United,2002
Middlesbrough,29,26.4,,38,418,3420,38.0,48,31,79,46,2,3,53,4.0,1.26,0.82,2.08,1.21,2.03,2002-03,,,,,,,,,,,,Middlesbrough,2002
Newcastle Utd,26,24.8,,38,420,3420,38.0,63,42,105,60,3,4,48,2.0,1.66,1.11,2.76,1.58,2.68,2002-03,,,,,,,,,,,,Newcastle Utd,2002
Southampton,26,27.2,,38,417,3420,38.0,42,24,66,36,6,6,49,3.0,1.11,0.63,1.74,0.95,1.58,2002-03,,,,,,,,,,,,Southampton,2002
Sunderland,34,26.0,,38,413,3420,38.0,21,16,37,20,1,3,60,0.0,0.55,0.42,0.97,0.53,0.95,2002-03,,,,,,,,,,,,Sunderland,2002
Tottenham,25,28.1,,38,414,3420,38.0,50,35,85,47,3,3,64,4.0,1.32,0.92,2.24,1.24,2.16,2002-03,,,,,,,,,,,,Tottenham Hotspur,2002
West Brom,23,27.2,,38,418,3420,38.0,29,11,40,28,1,1,49,4.0,0.76,0.29,1.05,0.74,1.03,2002-03,,,,,,,,,,,,West Brom,2002
West Ham,24,27.3,,38,422,3420,38.0,41,29,70,37,4,5,67,4.0,1.08,0.76,1.84,0.97,1.74,2002-03,,,,,,,,,,,,West Ham,2002
Arsenal,22,27.3,,38,419,3420,38.0,69,52,121,62,7,7,53,3.0,1.82,1.37,3.18,1.63,3.0,2003-04,,,,,,,,,,,,Arsenal,2003
Aston Villa,23,25.7,,38,418,3420,38.0,48,34,82,44,4,5,52,3.0,1.26,0.89,2.16,1.16,2.05,2003-04,,,,,,,,,,,,Aston Villa,2003
Birmingham City,27,27.4,,38,428,3420,38.0,43,29,72,39,4,5,46,5.0,1.13,0.76,1.89,1.03,1.79,2003-04,,,,,,,,,,,,Birmingham City,2003
Blackburn,28,28.2,,38,412,3420,38.0,52,39,91,52,0,0,61,3.0,1.37,1.03,2.39,1.37,2.39,2003-04,,,,,,,,,,,,Blackburn,2003
Bolton,24,28.5,,38,433,3420,38.0,47,35,82,46,1,1,66,0.0,1.24,0.92,2.16,1.21,2.13,2003-04,,,,,,,,,,,,Bolton,2003
Charlton Ath,24,28.4,,38,406,3420,38.0,50,29,79,44,6,8,38,3.0,1.32,0.76,2.08,1.16,1.92,2003-04,,,,,,,,,,,,Charlton Ath,2003
Chelsea,27,25.9,,38,438,3420,38.0,67,58,125,63,4,4,46,3.0,1.76,1.53,3.29,1.66,3.18,2003-04,,,,,,,,,,,,Chelsea,2003
Everton,27,27.4,,38,414,3420,38.0,42,31,73,41,1,1,54,3.0,1.11,0.82,1.92,1.08,1.89,2003-04,,,,,,,,,,,,Everton,2003
Fulham,30,27.0,,38,421,3420,38.0,52,32,84,50,2,3,66,3.0,1.37,0.84,2.21,1.32,2.16,2003-04,,,,,,,,,,,,Fulham,2003
Leeds United,30,25.1,,38,404,3420,38.0,40,28,68,36,4,4,73,5.0,1.05,0.74,1.79,0.95,1.68,2003-04,,,,,,,,,,,,Leeds United,2003
Leicester City,30,29.3,,38,391,3420,38.0,45,37,82,43,2,3,61,8.0,1.18,0.97,2.16,1.13,2.11,2003-04,,,,,,,,,,,,Leicester City,2003
Liverpool,26,26.0,,38,408,3420,38.0,53,36,89,45,8,10,46,1.0,1.39,0.95,2.34,1.18,2.13,2003-04,,,,,,,,,,,,Liverpool,2003
Manchester City,24,27.9,,38,418,3420,38.0,52,37,89,48,4,4,50,3.0,1.37,0.97,2.34,1.26,2.24,2003-04,,,,,,,,,,,,Manchester City,2003
Manchester Utd,22,25.8,,38,418,3420,38.0,63,54,117,62,1,4,46,3.0,1.66,1.42,3.08,1.63,3.05,2003-04,,,,,,,,,,,,Manchester United,2003
Middlesbrough,27,27.6,,38,418,3420,38.0,42,28,70,39,3,5,59,1.0,1.11,0.74,1.84,1.03,1.76,2003-04,,,,,,,,,,,,Middlesbrough,2003
Newcastle Utd,24,25.8,,38,429,3420,38.0,53,33,86,46,7,10,48,3.0,1.39,0.87,2.26,1.21,2.08,2003-04,,,,,,,,,,,,Newcastle Utd,2003
Portsmouth,32,28.6,,38,433,3420,38.0,49,31,80,46,3,3,63,3.0,1.29,0.82,2.11,1.21,2.03,2003-04,,,,,,,,,,,,Portsmouth,2003
Southampton,28,28.1,,38,403,3420,38.0,43,27,70,41,2,2,54,3.0,1.13,0.71,1.84,1.08,1.79,2003-04,,,,,,,,,,,,Southampton,2003
Tottenham,28,26.2,,38,407,3420,38.0,47,33,80,44,3,3,61,0.0,1.24,0.87,2.11,1.16,2.03,2003-04,,,,,,,,,,,,Tottenham Hotspur,2003
Wolves,27,29.6,,38,428,3420,38.0,39,25,64,38,1,4,68,2.0,1.03,0.66,1.68,1.0,1.66,2003-04,,,,,,,,,,,,Wolves,2003
Arsenal,25,26.2,,38,417,3420,38.0,86,68,154,83,3,4,47,1.0,2.26,1.79,4.05,2.18,3.97,2004-05,,,,,,,,,,,,Arsenal,2004
Aston Villa,22,25.7,,38,421,3420,38.0,43,34,77,40,3,6,57,2.0,1.13,0.89,2.03,1.05,1.95,2004-05,,,,,,,,,,,,Aston Villa,2004
Birmingham City,27,27.9,,38,417,3420,38.0,37,24,61,35,2,2,63,3.0,0.97,0.63,1.61,0.92,1.55,2004-05,,,,,,,,,,,,Birmingham City,2004
Blackburn,31,27.8,,38,414,3420,38.0,31,24,55,29,2,3,75,5.0,0.82,0.63,1.45,0.76,1.39,2004-05,,,,,,,,,,,,Blackburn,2004
Bolton,25,28.6,,38,418,3420,38.0,49,33,82,44,5,6,54,2.0,1.29,0.87,2.16,1.16,2.03,2004-05,,,,,,,,,,,,Bolton,2004
Charlton Ath,22,28.0,,38,414,3420,38.0,41,28,69,41,0,0,39,4.0,1.08,0.74,1.82,1.08,1.82,2004-05,,,,,,,,,,,,Charlton Ath,2004
Chelsea,30,25.2,,38,422,3420,38.0,71,58,129,66,5,6,51,0.0,1.87,1.53,3.39,1.74,3.26,2004-05,,,,,,,,,,,,Chelsea,2004
Crystal Palace,27,25.7,,38,418,3420,38.0,43,26,69,33,10,12,59,3.0,1.13,0.68,1.82,0.87,1.55,2004-05,,,,,,,,,,,,Crystal Palace,2004
Everton,22,28.5,,38,414,3420,38.0,45,34,79,43,2,3,57,4.0,1.18,0.89,2.08,1.13,2.03,2004-05,,,,,,,,,,,,Everton,2004
Fulham,24,27.7,,38,418,3420,38.0,52,39,91,50,2,4,57,7.0,1.37,1.03,2.39,1.32,2.34,2004-05,,,,,,,,,,,,Fulham,2004
Liverpool,29,26.2,,38,414,3420,38.0,49,42,91,46,3,5,45,2.0,1.29,1.11,2.39,1.21,2.32,2004-05,,,,,,,,,,,,Liverpool,2004
Manchester City,25,27.3,,38,418,3420,38.0,45,33,78,40,5,6,44,3.0,1.18,0.87,2.05,1.05,1.92,2004-05,,,,,,,,,,,,Manchester City,2004
Manchester Utd,26,26.0,,38,416,3420,38.0,57,45,102,54,3,4,52,5.0,1.5,1.18,2.68,1.42,2.61,2004-05,,,,,,,,,,,,Manchester United,2004
Middlesbrough,27,28.4,,38,418,3420,38.0,49,39,88,48,1,1,55,2.0,1.29,1.03,2.32,1.26,2.29,2004-05,,,,,,,,,,,,Middlesbrough,2004
Newcastle Utd,27,25.9,,38,435,3420,38.0,44,32,76,41,3,3,60,5.0,1.16,0.84,2.0,1.08,1.92,2004-05,,,,,,,,,,,,Newcastle Utd,2004
Norwich City,25,27.6,,38,422,3420,38.0,41,29,70,38,3,4,35,2.0,1.08,0.76,1.84,1.0,1.76,2004-05,,,,,,,,,,,,Norwich City,2004
Portsmouth,26,27.5,,38,386,3420,38.0,41,30,71,35,6,6,54,2.0,1.08,0.79,1.87,0.92,1.71,2004-05,,,,,,,,,,,,Portsmouth,2004
Southampton,35,28.4,,38,415,3420,38.0,44,30,74,41,3,3,45,2.0,1.16,0.79,1.95,1.08,1.87,2004-05,,,,,,,,,,,,Southampton,2004
Tottenham,31,24.8,,38,412,3420,38.0,47,32,79,46,1,1,58,1.0,1.24,0.84,2.08,1.21,2.05,2004-05,,,,,,,,,,,,Tottenham Hotspur,2004
West Brom,27,27.1,,38,422,3420,38.0,34,25,59,32,2,3,44,5.0,0.89,0.66,1.55,0.84,1.5,2004-05,,,,,,,,,,,,West Brom,2004
Arsenal,27,26.2,,38,418,3420,38.0,66,46,112,62,4,7,56,2.0,1.74,1.21,2.95,1.63,2.84,2005-06,,,,,,,,,,,,Arsenal,2005
Aston Villa,27,25.2,,38,416,3420,38.0,41,35,76,40,1,4,62,2.0,1.08,0.92,2.0,1.05,1.97,2005-06,,,,,,,,,,,,Aston Villa,2005
Birmingham City,30,28.0,,38,417,3420,38.0,26,19,45,24,2,2,56,7.0,0.68,0.5,1.18,0.63,1.13,2005-06,,,,,,,,,,,,Birmingham City,2005
Blackburn,25,28.0,,38,418,3420,38.0,49,29,78,45,4,4,78,6.0,1.29,0.76,2.05,1.18,1.95,2005-06,,,,,,,,,,,,Blackburn,2005
Bolton,24,28.0,,38,419,3420,38.0,47,33,80,45,2,4,68,3.0,1.24,0.87,2.11,1.18,2.05,2005-06,,,,,,,,,,,,Bolton,2005
Charlton Ath,28,27.9,,38,422,3420,38.0,41,29,70,37,4,4,45,2.0,1.08,0.76,1.84,0.97,1.74,2005-06,,,,,,,,,,,,Charlton Ath,2005
Chelsea,25,25.9,,38,418,3420,38.0,71,50,121,67,4,4,65,5.0,1.87,1.32,3.18,1.76,3.08,2005-06,,,,,,,,,,,,Chelsea,2005
Everton,28,27.8,,38,422,3420,38.0,32,25,57,31,1,3,68,7.0,0.84,0.66,1.5,0.82,1.47,2005-06,,,,,,,,,,,,Everton,2005
Fulham,27,27.9,,38,417,3420,38.0,47,35,82,43,4,4,66,2.0,1.24,0.92,2.16,1.13,2.05,2005-06,,,,,,,,,,,,Fulham,2005
Liverpool,24,26.3,,38,415,3420,38.0,54,42,96,50,4,5,53,5.0,1.42,1.11,2.53,1.32,2.42,2005-06,,,,,,,,,,,,Liverpool,2005
Manchester City,26,27.3,,38,418,3420,38.0,42,31,73,41,1,2,72,4.0,1.11,0.82,1.92,1.08,1.89,2005-06,,,,,,,,,,,,Manchester City,2005
Manchester Utd,26,26.4,,38,417,3420,38.0,68,50,118,66,2,3,61,2.0,1.79,1.32,3.11,1.74,3.05,2005-06,,,,,,,,,,,,Manchester United,2005
Middlesbrough,37,26.5,,38,413,3420,38.0,48,34,82,43,5,5,56,3.0,1.26,0.89,2.16,1.13,2.03,2005-06,,,,,,,,,,,,Middlesbrough,2005
Newcastle Utd,26,26.7,,38,414,3420,38.0,45,31,76,40,5,5,68,6.0,1.18,0.82,2.0,1.05,1.87,2005-06,,,,,,,,,,,,Newcastle Utd,2005
Portsmouth,34,26.7,,38,419,3420,38.0,36,22,58,34,2,2,53,1.0,0.95,0.58,1.53,0.89,1.47,2005-06,,,,,,,,,,,,Portsmouth,2005
Sunderland,28,25.0,,38,410,3420,38.0,24,15,39,22,2,2,73,4.0,0.63,0.39,1.03,0.58,0.97,2005-06,,,,,,,,,,,,Sunderland,2005
Tottenham,29,24.9,,38,414,3420,38.0,52,38,90,48,4,6,55,5.0,1.37,1.0,2.37,1.26,2.26,2005-06,,,,,,,,,,,,Tottenham Hotspur,2005
West Brom,29,26.4,,38,418,3420,38.0,31,18,49,30,1,2,47,2.0,0.82,0.47,1.29,0.79,1.26,2005-06,,,,,,,,,,,,West Brom,2005
West Ham,28,26.0,,38,415,3420,38.0,48,29,77,45,3,5,50,2.0,1.26,0.76,2.03,1.18,1.95,2005-06,,,,,,,,,,,,West Ham,2005
Wigan Athletic,25,28.3,,38,420,3420,38.0,44,30,74,43,1,1,54,4.0,1.16,0.79,1.95,1.13,1.92,2005-06,,,,,,,,,,,,Wigan Athletic,2005
Arsenal,25,25.1,,38,417,3420,38.0,60,48,108,50,10,11,60,3.0,1.58,1.26,2.84,1.32,2.58,2006-07,,,,,,,,,,,,Arsenal,2006
Aston Villa,30,25.5,,38,436,3420,38.0,45,31,76,39,6,8,48,1.0,1.18,0.82,2.0,1.03,1.84,2006-07,,,,,,,,,,,,Aston Villa,2006
Blackburn,29,28.2,,38,399,3420,38.0,49,33,82,44,5,7,84,8.0,1.29,0.87,2.16,1.16,2.03,2006-07,,,,,,,,,,,,Blackburn,2006
Bolton,23,28.2,,38,423,3420,38.0,45,35,80,39,6,7,85,4.0,1.18,0.92,2.11,1.03,1.95,2006-07,,,,,,,,,,,,Bolton,2006
Charlton Ath,29,27.0,,38,429,3420,38.0,32,22,54,28,4,4,60,4.0,0.84,0.58,1.42,0.74,1.32,2006-07,,,,,,,,,,,,Charlton Ath,2006
Chelsea,26,26.7,,38,418,3420,38.0,58,49,107,55,3,4,66,4.0,1.53,1.29,2.82,1.45,2.74,2006-07,,,,,,,,,,,,Chelsea,2006
Everton,26,27.0,,38,411,3420,38.0,50,35,85,42,8,8,69,2.0,1.32,0.92,2.24,1.11,2.03,2006-07,,,,,,,,,,,,Everton,2006
Fulham,25,28.2,,38,424,3420,38.0,36,27,63,33,3,3,60,3.0,0.95,0.71,1.66,0.87,1.58,2006-07,,,,,,,,,,,,Fulham,2006
Liverpool,29,26.1,,38,419,3420,38.0,56,44,100,50,6,7,43,0.0,1.47,1.16,2.63,1.32,2.47,2006-07,,,,,,,,,,,,Liverpool,2006
Manchester City,29,26.1,,38,394,3420,38.0,28,21,49,26,2,4,62,4.0,0.74,0.55,1.29,0.68,1.24,2006-07,,,,,,,,,,,,Manchester City,2006
Manchester Utd,25,27.3,,38,418,3420,38.0,80,60,140,75,5,6,58,1.0,2.11,1.58,3.68,1.97,3.55,2006-07,,,,,,,,,,,,Manchester United,2006
Middlesbrough,27,25.4,,38,418,3420,38.0,43,33,76,39,4,5,66,2.0,1.13,0.87,2.0,1.03,1.89,2006-07,,,,,,,,,,,,Middlesbrough,2006
Newcastle Utd,29,26.1,,38,418,3420,38.0,38,26,64,33,5,5,67,1.0,1.0,0.68,1.68,0.87,1.55,2006-07,,,,,,,,,,,,Newcastle Utd,2006
Portsmouth,25,28.3,,38,405,3420,38.0,40,31,71,38,2,3,51,1.0,1.05,0.82,1.87,1.0,1.82,2006-07,,,,,,,,,,,,Portsmouth,2006
Reading,23,26.9,,38,418,3420,38.0,48,38,86,45,3,3,41,3.0,1.26,1.0,2.26,1.18,2.18,2006-07,,,,,,,,,,,,Reading,2006
Sheffield Utd,32,26.0,,38,408,3420,38.0,31,21,52,29,2,4,68,2.0,0.82,0.55,1.37,0.76,1.32,2006-07,,,,,,,,,,,,Sheffield Utd,2006
Tottenham,26,25.1,,38,418,3420,38.0,56,37,93,51,5,5,47,4.0,1.47,0.97,2.45,1.34,2.32,2006-07,,,,,,,,,,,,Tottenham Hotspur,2006
Watford,33,25.2,,38,390,3420,38.0,24,18,42,21,3,3,49,2.0,0.63,0.47,1.11,0.55,1.03,2006-07,,,,,,,,,,,,Watford,2006
West Ham,30,25.4,,38,442,3420,38.0,35,26,61,34,1,3,86,2.0,0.92,0.68,1.61,0.89,1.58,2006-07,,,,,,,,,,,,West Ham,2006
Wigan Athletic,30,27.7,,38,415,3420,38.0,37,24,61,34,3,6,77,3.0,0.97,0.63,1.61,0.89,1.53,2006-07,,,,,,,,,,,,Wigan Athletic,2006
Arsenal,27,24.6,,38,418,3420,38.0,73,57,130,68,5,6,57,3.0,1.92,1.5,3.42,1.79,3.29,2007-08,,,,,,,,,,,,Arsenal,2007
Aston Villa,22,25.5,,38,418,3420,38.0,66,42,108,60,6,7,55,4.0,1.74,1.11,2.84,1.58,2.68,2007-08,,,,,,,,,,,,Aston Villa,2007
Birmingham City,28,25.3,,38,418,3420,38.0,44,21,65,38,6,6,68,3.0,1.16,0.55,1.71,1.0,1.55,2007-08,,,,,,,,,,,,Birmingham City,2007
Blackburn,22,28.0,,38,418,3420,38.0,50,32,82,45,5,6,78,6.0,1.32,0.84,2.16,1.18,2.03,2007-08,,,,,,,,,,,,Blackburn,2007
Bolton,31,27.5,,38,417,3420,38.0,34,22,56,34,0,1,76,0.0,0.89,0.58,1.47,0.89,1.47,2007-08,,,,,,,,,,,,Bolton,2007
Chelsea,27,27.0,,38,417,3420,38.0,64,52,116,57,7,7,65,5.0,1.68,1.37,3.05,1.5,2.87,2007-08,,,,,,,,,,,,Chelsea,2007
Derby County,36,27.6,,38,418,3420,38.0,19,12,31,19,0,0,64,1.0,0.5,0.32,0.82,0.5,0.82,2007-08,,,,,,,,,,,,Derby County,2007
Everton,23,26.9,,38,420,3420,38.0,53,30,83,52,1,1,40,3.0,1.39,0.79,2.18,1.37,2.16,2007-08,,,,,,,,,,,,Everton,2007
Fulham,33,28.0,,38,418,3420,38.0,37,17,54,35,2,3,64,6.0,0.97,0.45,1.42,0.92,1.37,2007-08,,,,,,,,,,,,Fulham,2007
Liverpool,25,26.2,,38,418,3420,38.0,64,43,107,59,5,5,46,1.0,1.68,1.13,2.82,1.55,2.68,2007-08,,,,,,,,,,,,Liverpool,2007
Manchester City,28,24.5,,38,418,3420,38.0,42,30,72,40,2,2,49,4.0,1.11,0.79,1.89,1.05,1.84,2007-08,,,,,,,,,,,,Manchester City,2007
Manchester Utd,25,26.7,,38,418,3420,38.0,78,52,130,72,6,8,51,2.0,2.05,1.37,3.42,1.89,3.26,2007-08,,,,,,,,,,,,Manchester United,2007
Middlesbrough,30,25.7,,38,416,3420,38.0,43,27,70,41,2,2,85,2.0,1.13,0.71,1.84,1.08,1.79,2007-08,,,,,,,,,,,,Middlesbrough,2007
Newcastle Utd,27,27.0,,38,419,3420,38.0,43,27,70,39,4,4,61,1.0,1.13,0.71,1.84,1.03,1.74,2007-08,,,,,,,,,,,,Newcastle Utd,2007
Portsmouth,28,28.2,,38,419,3420,38.0,46,32,78,42,4,7,59,3.0,1.21,0.84,2.05,1.11,1.95,2007-08,,,,,,,,,,,,Portsmouth,2007
Reading,26,27.6,,38,418,3420,38.0,41,26,67,39,2,4,62,5.0,1.08,0.68,1.76,1.03,1.71,2007-08,,,,,,,,,,,,Reading,2007
Sunderland,31,24.9,,38,418,3420,38.0,36,21,57,35,1,2,63,4.0,0.95,0.55,1.5,0.92,1.47,2007-08,,,,,,,,,,,,Sunderland,2007
Tottenham,30,25.5,,38,418,3420,38.0,65,35,100,61,4,6,52,1.0,1.71,0.92,2.63,1.61,2.53,2007-08,,,,,,,,,,,,Tottenham Hotspur,2007
West Ham,28,26.5,,38,418,3420,38.0,39,29,68,37,2,2,65,2.0,1.03,0.76,1.79,0.97,1.74,2007-08,,,,,,,,,,,,West Ham,2007
Wigan Athletic,27,27.7,,38,418,3420,38.0,33,19,52,29,4,5,63,4.0,0.87,0.5,1.37,0.76,1.26,2007-08,,,,,,,,,,,,Wigan Athletic,2007
Arsenal,28,24.1,,38,418,3420,38.0,65,48,113,60,5,5,63,3.0,1.71,1.26,2.97,1.58,2.84,2008-09,,,,,,,,,,,,Arsenal,2008
Aston Villa,21,27.1,,38,418,3420,38.0,48,35,83,44,4,5,53,2.0,1.26,0.92,2.18,1.16,2.08,2008-09,,,,,,,,,,,,Aston Villa,2008
Blackburn,28,28.3,,38,418,3420,38.0,40,28,68,36,4,7,80,4.0,1.05,0.74,1.79,0.95,1.68,2008-09,,,,,,,,,,,,Blackburn,2008
Bolton,24,27.3,,38,418,3420,38.0,40,28,68,40,0,1,61,1.0,1.05,0.74,1.79,1.05,1.79,2008-09,,,,,,,,,,,,Bolton,2008
Chelsea,29,27.5,,38,418,3420,38.0,65,45,110,63,2,2,48,2.0,1.71,1.18,2.89,1.66,2.84,2008-09,,,,,,,,,,,,Chelsea,2008
Everton,25,26.4,,38,417,3420,38.0,54,38,92,50,4,5,49,1.0,1.42,1.0,2.42,1.32,2.32,2008-09,,,,,,,,,,,,Everton,2008
Fulham,26,28.8,,38,418,3420,38.0,39,24,63,34,5,5,42,1.0,1.03,0.63,1.66,0.89,1.53,2008-09,,,,,,,,,,,,Fulham,2008
Hull City,29,27.7,,38,418,3420,38.0,35,17,52,32,3,3,71,3.0,0.92,0.45,1.37,0.84,1.29,2008-09,,,,,,,,,,,,Hull City,2008
Liverpool,23,26.5,,38,418,3420,38.0,73,50,123,68,5,6,50,0.0,1.92,1.32,3.24,1.79,3.11,2008-09,,,,,,,,,,,,Liverpool,2008
Manchester City,34,24.5,,38,418,3420,38.0,56,35,91,50,6,7,52,4.0,1.47,0.92,2.39,1.32,2.24,2008-09,,,,,,,,,,,,Manchester City,2008
Manchester Utd,33,27.1,,38,418,3420,38.0,68,51,119,64,4,4,67,5.0,1.79,1.34,3.13,1.68,3.03,2008-09,,,,,,,,,,,,Manchester United,2008
Middlesbrough,28,24.5,,38,418,3420,38.0,26,17,43,25,1,3,57,3.0,0.68,0.45,1.13,0.66,1.11,2008-09,,,,,,,,,,,,Middlesbrough,2008
Newcastle Utd,29,26.8,,38,417,3420,38.0,39,23,62,35,4,5,62,8.0,1.03,0.61,1.63,0.92,1.53,2008-09,,,,,,,,,,,,Newcastle Utd,2008
Portsmouth,29,28.6,,38,417,3420,38.0,36,25,61,34,2,3,66,5.0,0.95,0.66,1.61,0.89,1.55,2008-09,,,,,,,,,,,,Portsmouth,2008
Stoke City,29,28.5,,38,418,3420,38.0,36,23,59,31,5,6,75,5.0,0.95,0.61,1.55,0.82,1.42,2008-09,,,,,,,,,,,,Stoke City,2008
Sunderland,30,26.1,,38,418,3420,38.0,32,19,51,31,1,1,69,1.0,0.84,0.5,1.34,0.82,1.32,2008-09,,,,,,,,,,,,Sunderland,2008
Tottenham,29,24.9,,38,418,3420,38.0,43,30,73,40,3,4,56,5.0,1.13,0.79,1.92,1.05,1.84,2008-09,,,,,,,,,,,,Tottenham Hotspur,2008
West Brom,30,25.2,,38,418,3420,38.0,34,23,57,31,3,5,65,1.0,0.89,0.61,1.5,0.82,1.42,2008-09,,,,,,,,,,,,West Brom,2008
West Ham,30,26.6,,38,418,3420,38.0,41,25,66,40,1,3,70,4.0,1.08,0.66,1.74,1.05,1.71,2008-09,,,,,,,,,,,,West Ham,2008
Wigan Athletic,29,26.5,,38,418,3420,38.0,33,15,48,28,5,5,65,4.0,0.87,0.39,1.26,0.74,1.13,2008-09,,,,,,,,,,,,Wigan Athletic,2008
Arsenal,30,25.3,,38,418,3420,38.0,79,53,132,76,3,4,56,1.0,2.08,1.39,3.47,2.0,3.39,2009-10,,,,,,,,,,,,Arsenal,2009
Aston Villa,23,27.9,,38,418,3420,38.0,48,34,82,43,5,8,62,2.0,1.26,0.89,2.16,1.13,2.03,2009-10,,,,,,,,,,,,Aston Villa,2009
Birmingham City,25,26.8,,38,418,3420,38.0,36,22,58,34,2,4,72,1.0,0.95,0.58,1.53,0.89,1.47,2009-10,,,,,,,,,,,,Birmingham City,2009
Blackburn,28,27.3,,38,417,3420,38.0,38,22,60,35,3,3,61,2.0,1.0,0.58,1.58,0.92,1.5,2009-10,,,,,,,,,,,,Blackburn,2009
Bolton,25,27.4,,38,418,3420,38.0,42,24,66,38,4,4,78,5.0,1.11,0.63,1.74,1.0,1.63,2009-10,,,,,,,,,,,,Bolton,2009
Burnley,26,27.9,,38,418,3420,38.0,42,25,67,36,6,6,57,2.0,1.11,0.66,1.76,0.95,1.61,2009-10,,,,,,,,,,,,Burnley,2009
Chelsea,30,28.7,,38,418,3420,38.0,99,64,163,88,11,12,60,5.0,2.61,1.68,4.29,2.32,4.0,2009-10,,,,,,,,,,,,Chelsea,2009
Everton,28,27.4,,38,418,3420,38.0,56,33,89,51,5,6,58,2.0,1.47,0.87,2.34,1.34,2.21,2009-10,,,,,,,,,,,,Everton,2009
Fulham,29,29.2,,38,418,3420,38.0,38,21,59,34,4,4,46,1.0,1.0,0.55,1.55,0.89,1.45,2009-10,,,,,,,,,,,,Fulham,2009
Hull City,30,27.7,,38,418,3420,38.0,33,16,49,27,6,8,70,6.0,0.87,0.42,1.29,0.71,1.13,2009-10,,,,,,,,,,,,Hull City,2009
Liverpool,30,26.3,,38,418,3420,38.0,58,37,95,55,3,3,57,5.0,1.53,0.97,2.5,1.45,2.42,2009-10,,,,,,,,,,,,Liverpool,2009
Manchester City,31,27.0,,38,418,3420,38.0,73,48,121,68,5,5,50,2.0,1.92,1.26,3.18,1.79,3.05,2009-10,,,,,,,,,,,,Manchester City,2009
Manchester Utd,30,27.8,,38,418,3420,38.0,74,48,122,68,6,8,51,4.0,1.95,1.26,3.21,1.79,3.05,2009-10,,,,,,,,,,,,Manchester United,2009
Portsmouth,33,28.2,,38,418,3420,38.0,34,19,53,31,3,6,76,5.0,0.89,0.5,1.39,0.82,1.32,2009-10,,,,,,,,,,,,Portsmouth,2009
Stoke City,23,28.5,,38,418,3420,38.0,32,23,55,30,2,2,69,5.0,0.84,0.61,1.45,0.79,1.39,2009-10,,,,,,,,,,,,Stoke City,2009
Sunderland,28,25.4,,38,418,3420,38.0,45,28,73,39,6,9,87,9.0,1.18,0.74,1.92,1.03,1.76,2009-10,,,,,,,,,,,,Sunderland,2009
Tottenham,30,25.4,,38,418,3420,38.0,66,45,111,64,2,3,58,1.0,1.74,1.18,2.92,1.68,2.87,2009-10,,,,,,,,,,,,Tottenham Hotspur,2009
West Ham,30,26.0,,38,418,3420,38.0,46,27,73,39,7,9,69,3.0,1.21,0.71,1.92,1.03,1.74,2009-10,,,,,,,,,,,,West Ham,2009
Wigan Athletic,27,26.3,,38,418,3420,38.0,36,21,57,35,1,2,64,3.0,0.95,0.55,1.5,0.92,1.47,2009-10,,,,,,,,,,,,Wigan Athletic,2009
Wolves,29,25.9,,38,418,3420,38.0,28,15,43,26,2,2,65,4.0,0.74,0.39,1.13,0.68,1.08,2009-10,,,,,,,,,,,,Wolves,2009
Arsenal,27,24.8,,38,418,3420,38.0,70,51,121,66,4,7,70,6.0,1.84,1.34,3.18,1.74,3.08,2010-11,,,,,,,,,,,,Arsenal,2010
Aston Villa,32,27.5,,38,418,3420,38.0,45,32,77,41,4,6,71,2.0,1.18,0.84,2.03,1.08,1.92,2010-11,,,,,,,,,,,,Aston Villa,2010
Birmingham City,26,28.0,,38,418,3420,38.0,37,23,60,35,2,2,59,3.0,0.97,0.61,1.58,0.92,1.53,2010-11,,,,,,,,,,,,Birmingham City,2010
Blackburn,29,27.8,,38,418,3420,38.0,43,28,71,42,1,2,66,5.0,1.13,0.74,1.87,1.11,1.84,2010-11,,,,,,,,,,,,Blackburn,2010
Blackpool,30,26.8,,38,418,3420,38.0,54,29,83,47,7,8,47,2.0,1.42,0.76,2.18,1.24,2.0,2010-11,,,,,,,,,,,,Blackpool,2010
Bolton,24,28.1,,38,418,3420,38.0,50,34,84,46,4,5,70,5.0,1.32,0.89,2.21,1.21,2.11,2010-11,,,,,,,,,,,,Bolton,2010
Chelsea,24,28.2,,38,418,3420,38.0,68,39,107,62,6,8,56,1.0,1.79,1.03,2.82,1.63,2.66,2010-11,,,,,,,,,,,,Chelsea,2010
Everton,24,28.1,,38,418,3420,38.0,50,33,83,47,3,4,60,5.0,1.32,0.87,2.18,1.24,2.11,2010-11,,,,,,,,,,,,Everton,2010
Fulham,29,29.8,,38,418,3420,38.0,48,32,80,46,2,3,52,1.0,1.26,0.84,2.11,1.21,2.05,2010-11,,,,,,,,,,,,Fulham,2010
Liverpool,30,26.9,,38,418,3420,38.0,58,30,88,51,7,8,64,2.0,1.53,0.79,2.32,1.34,2.13,2010-11,,,,,,,,,,,,Liverpool,2010
Manchester City,27,25.4,,38,418,3420,38.0,56,35,91,48,8,9,76,5.0,1.47,0.92,2.39,1.26,2.18,2010-11,,,,,,,,,,,,Manchester City,2010
Manchester Utd,29,28.3,,38,418,3420,38.0,75,59,134,72,3,5,59,3.0,1.97,1.55,3.53,1.89,3.45,2010-11,,,,,,,,,,,,Manchester United,2010
Newcastle Utd,30,26.3,,38,418,3420,38.0,55,35,90,50,5,5,76,2.0,1.45,0.92,2.37,1.32,2.24,2010-11,,,,,,,,,,,,Newcastle Utd,2010
Stoke City,25,27.6,,38,418,3420,38.0,44,28,72,41,3,3,70,2.0,1.16,0.74,1.89,1.08,1.82,2010-11,,,,,,,,,,,,Stoke City,2010
Sunderland,31,25.0,,38,418,3420,38.0,41,23,64,37,4,5,64,5.0,1.08,0.61,1.68,0.97,1.58,2010-11,,,,,,,,,,,,Sunderland,2010
Tottenham,28,26.6,,38,418,3420,38.0,54,34,88,49,5,5,51,2.0,1.42,0.89,2.32,1.29,2.18,2010-11,,,,,,,,,,,,Tottenham Hotspur,2010
West Brom,28,26.7,,38,418,3420,38.0,52,37,89,48,4,6,55,7.0,1.37,0.97,2.34,1.26,2.24,2010-11,,,,,,,,,,,,West Brom,2010
West Ham,35,27.9,,38,418,3420,38.0,41,21,62,36,5,6,59,1.0,1.08,0.55,1.63,0.95,1.5,2010-11,,,,,,,,,,,,West Ham,2010
Wigan Athletic,25,25.8,,38,418,3420,38.0,37,20,57,35,2,3,69,4.0,0.97,0.53,1.5,0.92,1.45,2010-11,,,,,,,,,,,,Wigan Athletic,2010
Wolves,30,25.8,,38,418,3420,38.0,45,29,74,42,3,3,63,2.0,1.18,0.76,1.95,1.11,1.87,2010-11,,,,,,,,,,,,Wolves,2010
Arsenal,32,25.2,,38,418,3420,38.0,73,57,130,71,2,3,70,4.0,1.92,1.5,3.42,1.87,3.37,2011-12,,,,,,,,,,,,Arsenal,2011
Aston Villa,27,27.3,,38,418,3420,38.0,37,26,63,34,3,3,71,2.0,0.97,0.68,1.66,0.89,1.58,2011-12,,,,,,,,,,,,Aston Villa,2011
Blackburn,31,25.5,,38,418,3420,38.0,44,32,76,40,4,8,69,5.0,1.16,0.84,2.0,1.05,1.89,2011-12,,,,,,,,,,,,Blackburn,2011
Bolton,30,27.4,,38,418,3420,38.0,43,29,72,38,5,6,52,5.0,1.13,0.76,1.89,1.0,1.76,2011-12,,,,,,,,,,,,Bolton,2011
Chelsea,29,27.6,,38,418,3420,38.0,63,45,108,59,4,5,76,4.0,1.66,1.18,2.84,1.55,2.74,2011-12,,,,,,,,,,,,Chelsea,2011
Everton,30,28.5,,38,407,3420,38.0,47,32,79,42,5,5,61,2.0,1.24,0.84,2.08,1.11,1.95,2011-12,,,,,,,,,,,,Everton,2011
Fulham,28,29.6,,38,418,3420,38.0,44,31,75,41,3,4,54,0.0,1.16,0.82,1.97,1.08,1.89,2011-12,,,,,,,,,,,,Fulham,2011
Liverpool,26,26.3,,38,418,3420,38.0,42,23,65,41,1,4,58,5.0,1.11,0.61,1.71,1.08,1.68,2011-12,,,,,,,,,,,,Liverpool,2011
Manchester City,24,25.8,,38,418,3420,38.0,91,73,164,84,7,8,59,5.0,2.39,1.92,4.32,2.21,4.13,2011-12,,,,,,,,,,,,Manchester City,2011
Manchester Utd,31,26.3,,38,418,3420,38.0,87,69,156,78,9,11,51,1.0,2.29,1.82,4.11,2.05,3.87,2011-12,,,,,,,,,,,,Manchester United,2011
Newcastle Utd,26,25.6,,38,418,3420,38.0,51,36,87,49,2,3,67,2.0,1.34,0.95,2.29,1.29,2.24,2011-12,,,,,,,,,,,,Newcastle Utd,2011
Norwich City,27,25.8,,38,418,3420,38.0,52,33,85,50,2,2,60,3.0,1.37,0.87,2.24,1.32,2.18,2011-12,,,,,,,,,,,,Norwich City,2011
QPR,35,28.8,,38,418,3420,38.0,41,25,66,39,2,2,59,9.0,1.08,0.66,1.74,1.03,1.68,2011-12,,,,,,,,,,,,QPR,2011
Stoke City,23,27.9,,38,418,3420,38.0,35,28,63,31,4,6,60,2.0,0.92,0.74,1.66,0.82,1.55,2011-12,,,,,,,,,,,,Stoke City,2011
Sunderland,28,25.8,,38,418,3420,38.0,43,25,68,42,1,2,62,4.0,1.13,0.66,1.79,1.11,1.76,2011-12,,,,,,,,,,,,Sunderland,2011
Swansea City,25,25.4,,38,418,3420,38.0,43,24,67,38,5,6,41,2.0,1.13,0.63,1.76,1.0,1.63,2011-12,,,,,,,,,,,,Swansea City,2011
Tottenham,29,27.6,,38,418,3420,38.0,66,48,114,62,4,5,47,3.0,1.74,1.26,3.0,1.63,2.89,2011-12,,,,,,,,,,,,Tottenham Hotspur,2011
West Brom,25,27.8,,38,418,3420,38.0,44,30,74,43,1,2,48,1.0,1.16,0.79,1.95,1.13,1.92,2011-12,,,,,,,,,,,,West Brom,2011
Wigan Athletic,23,26.3,,38,418,3420,38.0,41,22,63,36,5,7,69,3.0,1.08,0.58,1.66,0.95,1.53,2011-12,,,,,,,,,,,,Wigan Athletic,2011
Wolves,32,26.0,,38,418,3420,38.0,40,25,65,37,3,4,64,4.0,1.05,0.66,1.71,0.97,1.63,2011-12,,,,,,,,,,,,Wolves,2011
Arsenal,26,25.6,,38,418,3420,38.0,69,54,123,64,5,6,46,4.0,1.82,1.42,3.24,1.68,3.11,2012-13,,,,,,,,,,,,Arsenal,2012
Aston Villa,28,24.1,,38,418,3420,38.0,47,34,81,44,3,3,75,3.0,1.24,0.89,2.13,1.16,2.05,2012-13,,,,,,,,,,,,Aston Villa,2012
Chelsea,26,26.4,,38,418,3420,38.0,71,50,121,62,9,11,54,3.0,1.87,1.32,3.18,1.63,2.95,2012-13,,,,,,,,,,,,Chelsea,2012
Everton,23,28.8,,38,418,3420,38.0,53,42,95,51,2,2,63,3.0,1.39,1.11,2.5,1.34,2.45,2012-13,,,,,,,,,,,,Everton,2012
Fulham,29,30.4,,38,418,3420,38.0,45,32,77,39,6,6,48,3.0,1.18,0.84,2.03,1.03,1.87,2012-13,,,,,,,,,,,,Fulham,2012
Liverpool,28,26.2,,38,418,3420,38.0,67,47,114,62,5,6,54,2.0,1.76,1.24,3.0,1.63,2.87,2012-13,,,,,,,,,,,,Liverpool,2012
Manchester City,25,26.7,,38,418,3420,38.0,64,45,109,60,4,6,64,3.0,1.68,1.18,2.87,1.58,2.76,2012-13,,,,,,,,,,,,Manchester City,2012
Manchester Utd,25,27.3,,38,418,3420,38.0,80,63,143,76,4,7,56,1.0,2.11,1.66,3.76,2.0,3.66,2012-13,,,,,,,,,,,,Manchester United,2012
Newcastle Utd,32,26.2,,38,418,3420,38.0,43,22,65,39,4,5,75,4.0,1.13,0.58,1.71,1.03,1.61,2012-13,,,,,,,,,,,,Newcastle Utd,2012
Norwich City,27,26.7,,38,418,3420,38.0,40,27,67,39,1,2,60,1.0,1.05,0.71,1.76,1.03,1.74,2012-13,,,,,,,,,,,,Norwich City,2012
QPR,30,28.2,,38,418,3420,38.0,29,22,51,28,1,4,61,3.0,0.76,0.58,1.34,0.74,1.32,2012-13,,,,,,,,,,,,QPR,2012
Reading,28,27.2,,38,418,3420,38.0,41,28,69,37,4,4,45,1.0,1.08,0.74,1.82,0.97,1.71,2012-13,,,,,,,,,,,,Reading,2012
Southampton,25,25.3,,38,418,3420,38.0,46,25,71,43,3,3,43,2.0,1.21,0.66,1.87,1.13,1.79,2012-13,,,,,,,,,,,,Southampton,2012
Stoke City,24,27.1,,38,418,3420,38.0,33,23,56,30,3,5,83,4.0,0.87,0.61,1.47,0.79,1.39,2012-13,,,,,,,,,,,,Stoke City,2012
Sunderland,29,26.2,,38,418,3420,38.0,39,24,63,35,4,4,63,3.0,1.03,0.63,1.66,0.92,1.55,2012-13,,,,,,,,,,,,Sunderland,2012
Swansea City,25,26.6,,38,418,3420,38.0,47,32,79,47,0,0,59,2.0,1.24,0.84,2.08,1.24,2.08,2012-13,,,,,,,,,,,,Swansea City,2012
Tottenham,28,26.3,,38,418,3420,38.0,62,45,107,62,0,0,54,2.0,1.63,1.18,2.82,1.63,2.82,2012-13,,,,,,,,,,,,Tottenham Hotspur,2012
West Brom,25,27.6,,38,418,3420,38.0,50,38,88,45,5,7,62,4.0,1.32,1.0,2.32,1.18,2.18,2012-13,,,,,,,,,,,,West Brom,2012
West Ham,26,28.0,,38,418,3420,38.0,43,33,76,39,4,4,74,1.0,1.13,0.87,2.0,1.03,1.89,2012-13,,,,,,,,,,,,West Ham,2012
Wigan Athletic,28,27.7,,38,418,3420,38.0,45,35,80,44,1,1,66,2.0,1.18,0.92,2.11,1.16,2.08,2012-13,,,,,,,,,,,,Wigan Athletic,2012
Arsenal,27,26.8,,38,418,3420,38.0,68,48,116,65,3,3,54,0.0,1.79,1.26,3.05,1.71,2.97,2013-14,,,,,,,,,,,,Arsenal,2013
Aston Villa,26,24.6,,38,418,3420,38.0,38,25,63,36,2,4,78,0.0,1.0,0.66,1.66,0.95,1.61,2013-14,,,,,,,,,,,,Aston Villa,2013
Cardiff City,32,25.4,,38,418,3420,38.0,31,24,55,30,1,1,49,0.0,0.82,0.63,1.45,0.79,1.42,2013-14,,,,,,,,,,,,Cardiff City,2013
Chelsea,29,27.7,,38,418,3420,38.0,69,39,108,64,5,7,62,0.0,1.82,1.03,2.84,1.68,2.71,2013-14,,,,,,,,,,,,Chelsea,2013
Crystal Palace,31,28.1,,38,418,3420,38.0,32,21,53,27,5,6,55,0.0,0.84,0.55,1.39,0.71,1.26,2013-14,,,,,,,,,,,,Crystal Palace,2013
Everton,28,27.6,,38,418,3420,38.0,58,42,100,55,3,3,55,0.0,1.53,1.11,2.63,1.45,2.55,2013-14,,,,,,,,,,,,Everton,2013
Fulham,39,29.0,,38,418,3420,38.0,38,28,66,36,2,3,59,0.0,1.0,0.74,1.74,0.95,1.68,2013-14,,,,,,,,,,,,Fulham,2013
Hull City,27,27.5,,38,418,3420,38.0,35,21,56,33,2,3,55,0.0,0.92,0.55,1.47,0.87,1.42,2013-14,,,,,,,,,,,,Hull City,2013
Liverpool,25,25.7,,38,418,3420,38.0,97,61,158,87,10,12,53,0.0,2.55,1.61,4.16,2.29,3.89,2013-14,,,,,,,,,,,,Liverpool,2013
Manchester City,23,27.7,,38,418,3420,38.0,97,63,160,91,6,7,72,0.0,2.55,1.66,4.21,2.39,4.05,2013-14,,,,,,,,,,,,Manchester City,2013
Manchester Utd,30,26.7,,38,418,3420,38.0,63,37,100,58,5,5,70,0.0,1.66,0.97,2.63,1.53,2.5,2013-14,,,,,,,,,,,,Manchester United,2013
Newcastle Utd,26,26.4,,38,418,3420,38.0,41,25,66,39,2,3,54,0.0,1.08,0.66,1.74,1.03,1.68,2013-14,,,,,,,,,,,,Newcastle Utd,2013
Norwich City,25,26.3,,38,418,3420,38.0,28,18,46,27,1,2,64,0.0,0.74,0.47,1.21,0.71,1.18,2013-14,,,,,,,,,,,,Norwich City,2013
Southampton,24,25.1,,38,418,3420,38.0,52,37,89,49,3,3,61,0.0,1.37,0.97,2.34,1.29,2.26,2013-14,,,,,,,,,,,,Southampton,2013
Stoke City,26,27.3,,38,418,3420,38.0,44,26,70,40,4,5,79,0.0,1.16,0.68,1.84,1.05,1.74,2013-14,,,,,,,,,,,,Stoke City,2013
Sunderland,31,26.5,,38,418,3420,38.0,41,24,65,35,6,6,68,0.0,1.08,0.63,1.71,0.92,1.55,2013-14,,,,,,,,,,,,Sunderland,2013
Swansea City,27,26.5,,38,418,3420,38.0,47,37,84,43,4,4,58,0.0,1.24,0.97,2.21,1.13,2.11,2013-14,,,,,,,,,,,,Swansea City,2013
Tottenham,28,25.2,,38,418,3420,38.0,50,33,83,45,5,6,65,0.0,1.32,0.87,2.18,1.18,2.05,2013-14,,,,,,,,,,,,Tottenham Hotspur,2013
West Brom,28,28.4,,38,418,3420,38.0,41,27,68,39,2,2,67,0.0,1.08,0.71,1.79,1.03,1.74,2013-14,,,,,,,,,,,,West Brom,2013
West Ham,29,28.5,,38,418,3420,38.0,36,22,58,34,2,2,65,0.0,0.95,0.58,1.53,0.89,1.47,2013-14,,,,,,,,,,,,West Ham,2013
Arsenal,29,26.1,56.6,38,418,3420,38.0,69,47,116,63,6,7,69,0.0,1.82,1.24,3.05,1.66,2.89,2014-15,,,,,,,,,,,,Arsenal,2014
Aston Villa,27,26.3,49.0,38,418,3420,38.0,31,23,54,30,1,1,76,0.0,0.82,0.61,1.42,0.79,1.39,2014-15,,,,,,,,,,,,Aston Villa,2014
Burnley,24,27.2,42.5,38,418,3420,38.0,27,22,49,26,1,2,66,0.0,0.71,0.58,1.29,0.68,1.26,2014-15,,,,,,,,,,,,Burnley,2014
Chelsea,25,27.0,55.9,38,418,3420,38.0,72,59,131,68,4,5,75,0.0,1.89,1.55,3.45,1.79,3.34,2014-15,,,,,,,,,,,,Chelsea,2014
Crystal Palace,30,27.8,40.4,38,418,3420,38.0,46,27,73,41,5,7,70,0.0,1.21,0.71,1.92,1.08,1.79,2014-15,,,,,,,,,,,,Crystal Palace,2014
Everton,28,27.9,54.7,38,418,3420,38.0,47,31,78,43,4,7,71,0.0,1.24,0.82,2.05,1.13,1.95,2014-15,,,,,,,,,,,,Everton,2014
Hull City,29,27.4,44.2,38,418,3420,38.0,32,22,54,31,1,1,75,0.0,0.84,0.58,1.42,0.82,1.39,2014-15,,,,,,,,,,,,Hull City,2014
Leicester City,28,27.9,43.5,38,418,3420,38.0,45,29,74,42,3,3,49,0.0,1.18,0.76,1.95,1.11,1.87,2014-15,,,,,,,,,,,,Leicester City,2014
Liverpool,25,25.2,55.8,38,418,3420,38.0,48,30,78,43,5,6,70,0.0,1.26,0.79,2.05,1.13,1.92,2014-15,,,,,,,,,,,,Liverpool,2014
Manchester City,24,28.6,59.8,38,418,3420,38.0,82,61,143,75,7,8,82,0.0,2.16,1.61,3.76,1.97,3.58,2014-15,,,,,,,,,,,,Manchester City,2014
Manchester Utd,33,26.0,61.2,38,418,3420,38.0,60,41,101,57,3,5,68,0.0,1.58,1.08,2.66,1.5,2.58,2014-15,,,,,,,,,,,,Manchester United,2014
Newcastle Utd,27,25.9,47.7,38,418,3420,38.0,40,30,70,39,1,1,78,0.0,1.05,0.79,1.84,1.03,1.82,2014-15,,,,,,,,,,,,Newcastle Utd,2014
QPR,32,28.2,45.2,38,418,3420,38.0,39,29,68,36,3,5,79,0.0,1.03,0.76,1.79,0.95,1.71,2014-15,,,,,,,,,,,,QPR,2014
Southampton,29,26.0,53.1,38,418,3420,38.0,49,32,81,47,2,3,59,0.0,1.29,0.84,2.13,1.24,2.08,2014-15,,,,,,,,,,,,Southampton,2014
Stoke City,25,27.4,50.4,38,418,3420,38.0,47,30,77,44,3,3,84,0.0,1.24,0.79,2.03,1.16,1.95,2014-15,,,,,,,,,,,,Stoke City,2014
Sunderland,25,27.8,45.2,38,417,3420,38.0,30,20,50,26,4,4,96,0.0,0.79,0.53,1.32,0.68,1.21,2014-15,,,,,,,,,,,,Sunderland,2014
Swansea City,28,26.6,50.1,38,418,3420,38.0,43,34,77,41,2,2,54,0.0,1.13,0.89,2.03,1.08,1.97,2014-15,,,,,,,,,,,,Swansea City,2014
Tottenham,27,24.4,57.0,38,418,3420,38.0,56,40,96,53,3,5,81,0.0,1.47,1.05,2.53,1.39,2.45,2014-15,,,,,,,,,,,,Tottenham Hotspur,2014
West Brom,26,28.0,43.7,38,418,3420,38.0,37,29,66,33,4,5,64,0.0,0.97,0.76,1.74,0.87,1.63,2014-15,,,,,,,,,,,,West Brom,2014
West Ham,28,26.8,45.6,38,418,3420,38.0,43,34,77,42,1,2,66,0.0,1.13,0.89,2.03,1.11,2.0,2014-15,,,,,,,,,,,,West Ham,2014
Arsenal,25,27.0,58.3,38,418,3420,38.0,62,53,115,61,1,2,45,0.0,1.63,1.39,3.03,1.61,3.0,2015-16,,,,,,,,,,,,Arsenal,2015
Aston Villa,29,26.6,46.4,38,418,3420,38.0,24,19,43,22,2,2,77,0.0,0.63,0.5,1.13,0.58,1.08,2015-16,,,,,,,,,,,,Aston Villa,2015
Bournemouth,28,27.7,51.2,38,418,3420,38.0,43,28,71,40,3,4,53,0.0,1.13,0.74,1.87,1.05,1.79,2015-16,,,,,,,,,,,,Bournemouth,2015
Chelsea,28,26.8,56.2,38,418,3420,38.0,55,40,95,51,4,5,62,0.0,1.45,1.05,2.5,1.34,2.39,2015-16,,,,,,,,,,,,Chelsea,2015
Crystal Palace,30,27.7,45.8,38,418,3420,38.0,38,21,59,34,4,5,62,0.0,1.0,0.55,1.55,0.89,1.45,2015-16,,,,,,,,,,,,Crystal Palace,2015
Everton,31,26.5,51.9,38,418,3420,38.0,56,44,100,52,4,5,50,0.0,1.47,1.16,2.63,1.37,2.53,2015-16,,,,,,,,,,,,Everton,2015
Leicester City,23,27.7,42.6,38,418,3420,38.0,68,43,111,58,10,13,54,0.0,1.79,1.13,2.92,1.53,2.66,2015-16,,,,,,,,,,,,Leicester City,2015
Liverpool,34,25.2,57.2,38,418,3420,38.0,62,50,112,60,2,2,67,0.0,1.63,1.32,2.95,1.58,2.89,2015-16,,,,,,,,,,,,Liverpool,2015
Manchester City,25,28.3,56.9,38,418,3420,38.0,71,53,124,66,5,8,63,0.0,1.87,1.39,3.26,1.74,3.13,2015-16,,,,,,,,,,,,Manchester City,2015
Manchester Utd,33,25.6,58.5,38,418,3420,38.0,46,31,77,43,3,3,67,0.0,1.21,0.82,2.03,1.13,1.95,2015-16,,,,,,,,,,,,Manchester United,2015
Newcastle Utd,31,25.4,46.6,38,418,3420,38.0,43,34,77,40,3,3,61,0.0,1.13,0.89,2.03,1.05,1.95,2015-16,,,,,,,,,,,,Newcastle Utd,2015
Norwich City,28,27.7,46.0,38,418,3420,38.0,38,27,65,37,1,1,64,0.0,1.0,0.71,1.71,0.97,1.68,2015-16,,,,,,,,,,,,Norwich City,2015
Southampton,26,26.4,49.2,38,418,3420,38.0,58,45,103,55,3,4,63,0.0,1.53,1.18,2.71,1.45,2.63,2015-16,,,,,,,,,,,,Southampton,2015
Stoke City,27,27.4,49.7,38,418,3420,38.0,40,29,69,35,5,5,53,0.0,1.05,0.76,1.82,0.92,1.68,2015-16,,,,,,,,,,,,Stoke City,2015
Sunderland,31,27.3,41.0,38,418,3420,38.0,44,30,74,41,3,3,68,0.0,1.16,0.79,1.95,1.08,1.87,2015-16,,,,,,,,,,,,Sunderland,2015
Swansea City,27,27.6,52.5,38,418,3420,38.0,41,25,66,36,5,5,60,0.0,1.08,0.66,1.74,0.95,1.61,2015-16,,,,,,,,,,,,Swansea City,2015
Tottenham,24,24.5,57.4,38,418,3420,38.0,68,50,118,63,5,5,72,0.0,1.79,1.32,3.11,1.66,2.97,2015-16,,,,,,,,,,,,Tottenham Hotspur,2015
Watford,25,28.2,45.1,38,418,3420,38.0,38,18,56,32,6,7,77,0.0,1.0,0.47,1.47,0.84,1.32,2015-16,,,,,,,,,,,,Watford,2015
West Brom,28,29.1,39.8,38,418,3420,38.0,32,25,57,31,1,5,65,0.0,0.84,0.66,1.5,0.82,1.47,2015-16,,,,,,,,,,,,West Brom,2015
West Ham,28,26.6,48.4,38,418,3420,38.0,64,38,102,60,4,4,57,0.0,1.68,1.0,2.68,1.58,2.58,2015-16,,,,,,,,,,,,West Ham,2015
Arsenal,29,26.9,58.9,38,418,3420,38.0,73,55,128,69,4,6,69,0.0,1.92,1.45,3.37,1.82,3.26,2016-17,,,,,,,,,,,,Arsenal,2016
Bournemouth,27,27.0,51.5,38,418,3420,38.0,53,33,86,46,7,10,56,2.0,1.39,0.87,2.26,1.21,2.08,2016-17,,,,,,,,,,,,Bournemouth,2016
Burnley,27,27.7,40.3,38,418,3420,38.0,39,24,63,33,6,6,67,1.0,1.03,0.63,1.66,0.87,1.5,2016-17,,,,,,,,,,,,Burnley,2016
Chelsea,24,27.2,55.1,38,418,3420,38.0,83,53,136,81,2,4,72,0.0,2.18,1.39,3.58,2.13,3.53,2016-17,,,,,,,,,,,,Chelsea,2016
Crystal Palace,31,27.7,45.4,38,418,3420,38.0,48,32,80,44,4,7,79,0.0,1.26,0.84,2.11,1.16,2.0,2016-17,,,,,,,,,,,,Crystal Palace,2016
Everton,27,27.5,52.1,38,418,3420,38.0,58,45,103,55,3,4,74,1.0,1.53,1.18,2.71,1.45,2.63,2016-17,,,,,,,,,,,,Everton,2016
Hull City,28,27.4,45.9,38,418,3420,38.0,36,24,60,33,3,3,67,0.0,0.95,0.63,1.58,0.87,1.5,2016-17,,,,,,,,,,,,Hull City,2016
Leicester City,25,27.8,41.9,38,418,3420,38.0,46,32,78,42,4,6,73,0.0,1.21,0.84,2.05,1.11,1.95,2016-17,,,,,,,,,,,,Leicester City,2016
Liverpool,23,26.1,62.0,38,418,3420,38.0,77,52,129,70,7,8,54,0.0,2.03,1.37,3.39,1.84,3.21,2016-17,,,,,,,,,,,,Liverpool,2016
Manchester City,25,28.5,65.0,38,418,3420,38.0,75,54,129,68,7,9,71,0.0,1.97,1.42,3.39,1.79,3.21,2016-17,,,,,,,,,,,,Manchester City,2016
Manchester Utd,31,26.7,56.5,38,418,3420,38.0,54,37,91,51,3,4,80,1.0,1.42,0.97,2.39,1.34,2.32,2016-17,,,,,,,,,,,,Manchester United,2016
Middlesbrough,27,27.3,47.3,38,418,3420,38.0,26,22,48,24,2,2,79,1.0,0.68,0.58,1.26,0.63,1.21,2016-17,,,,,,,,,,,,Middlesbrough,2016
Southampton,26,26.0,54.4,38,418,3420,38.0,39,27,66,36,3,6,61,1.0,1.03,0.71,1.74,0.95,1.66,2016-17,,,,,,,,,,,,Southampton,2016
Stoke City,26,28.7,46.3,38,418,3420,38.0,37,24,61,33,4,6,72,1.0,0.97,0.63,1.61,0.87,1.5,2016-17,,,,,,,,,,,,Stoke City,2016
Sunderland,31,26.8,39.7,38,418,3420,38.0,28,11,39,23,5,5,84,3.0,0.74,0.29,1.03,0.61,0.89,2016-17,,,,,,,,,,,,Sunderland,2016
Swansea City,27,27.4,47.9,38,418,3420,38.0,45,31,76,42,3,3,56,0.0,1.18,0.82,2.0,1.11,1.92,2016-17,,,,,,,,,,,,Swansea City,2016
Tottenham,24,25.3,60.5,38,418,3420,38.0,84,59,143,77,7,9,62,0.0,2.21,1.55,3.76,2.03,3.58,2016-17,,,,,,,,,,,,Tottenham Hotspur,2016
Watford,33,29.0,46.1,38,418,3420,38.0,39,27,66,36,3,3,90,3.0,1.03,0.71,1.74,0.95,1.66,2016-17,,,,,,,,,,,,Watford,2016
West Brom,23,29.4,37.3,38,418,3420,38.0,43,33,76,42,1,1,80,0.0,1.13,0.87,2.0,1.11,1.97,2016-17,,,,,,,,,,,,West Brom,2016
West Ham,29,27.1,47.1,38,418,3420,38.0,46,28,74,43,3,4,86,4.0,1.21,0.74,1.95,1.13,1.87,2016-17,,,,,,,,,,,,West Ham,2016
Arsenal,30,26.8,61.4,38,418,3420,38.0,73,61,134,69,4,5,57,,1.92,1.61,3.53,1.82,3.42,2017-18,68.3,64.3,53.3,117.6,915.0,2223.0,1.8,1.4,3.2,1.69,3.1,Arsenal,2017
Bournemouth,22,26.9,48.1,38,418,3420,38.0,45,36,81,42,3,3,57,,1.18,0.95,2.13,1.11,2.05,2017-18,38.8,36.4,29.1,65.5,702.0,1526.0,1.02,0.77,1.79,0.96,1.72,Bournemouth,2017
Brighton,24,27.5,43.7,38,418,3420,38.0,33,25,58,28,5,7,54,,0.87,0.66,1.53,0.74,1.39,2017-18,37.0,31.8,26.2,58.0,523.0,1230.0,0.97,0.69,1.66,0.84,1.53,Brighton,2017
Burnley,24,27.5,43.7,38,418,3420,38.0,35,26,61,35,0,0,65,,0.92,0.68,1.61,0.92,1.61,2017-18,32.3,32.3,23.6,55.9,431.0,1103.0,0.85,0.62,1.47,0.85,1.47,Burnley,2017
Chelsea,26,26.7,55.6,38,418,3420,38.0,60,42,102,57,3,3,46,,1.58,1.11,2.68,1.5,2.61,2017-18,54.4,52.0,41.5,93.5,1045.0,1998.0,1.43,1.09,2.52,1.37,2.46,Chelsea,2017
Crystal Palace,28,27.1,45.2,38,418,3420,38.0,44,26,70,36,8,10,72,,1.16,0.68,1.84,0.95,1.63,2017-18,53.5,45.9,33.3,79.2,727.0,1308.0,1.41,0.88,2.28,1.21,2.08,Crystal Palace,2017
Everton,30,26.7,45.5,38,418,3420,38.0,42,26,68,37,5,8,55,,1.11,0.68,1.79,0.97,1.66,2017-18,40.5,34.1,24.7,58.8,477.0,1161.0,1.07,0.65,1.71,0.9,1.55,Everton,2017
Huddersfield,25,26.4,45.7,38,418,3420,38.0,25,19,44,23,2,2,65,,0.66,0.5,1.16,0.61,1.11,2017-18,31.3,29.8,23.7,53.5,627.0,1210.0,0.82,0.62,1.45,0.78,1.41,Huddersfield,2017
Leicester City,27,27.2,48.0,38,418,3420,38.0,53,38,91,48,5,6,60,,1.39,1.0,2.39,1.26,2.26,2017-18,50.0,45.3,34.9,80.2,655.0,1271.0,1.32,0.92,2.24,1.19,2.11,Leicester City,2017
Liverpool,27,25.6,60.3,38,418,3420,38.0,82,58,140,80,2,3,44,,2.16,1.53,3.68,2.11,3.63,2017-18,72.9,70.6,52.7,123.3,982.0,2236.0,1.92,1.39,3.31,1.86,3.24,Liverpool,2017
Manchester City,25,26.4,71.0,38,418,3420,38.0,103,85,188,97,6,8,63,,2.71,2.24,4.95,2.55,4.79,2017-18,78.6,72.7,57.9,130.6,1308.0,2570.0,2.07,1.52,3.59,1.91,3.44,Manchester City,2017
Manchester Utd,27,26.7,54.7,38,418,3420,38.0,67,53,120,66,1,3,64,,1.76,1.39,3.16,1.74,3.13,2017-18,55.7,53.3,40.5,93.8,920.0,1564.0,1.47,1.07,2.53,1.4,2.47,Manchester United,2017
Newcastle Utd,27,25.6,41.7,38,418,3420,38.0,38,29,67,38,0,1,54,,1.0,0.76,1.76,1.0,1.76,2017-18,41.6,40.9,32.1,72.9,548.0,1145.0,1.1,0.84,1.94,1.08,1.92,Newcastle Utd,2017
Southampton,26,26.2,51.3,38,418,3420,38.0,36,23,59,33,3,3,65,,0.95,0.61,1.55,0.87,1.47,2017-18,39.9,37.6,29.5,67.0,694.0,1609.0,1.05,0.78,1.83,0.99,1.76,Southampton,2017
Stoke City,30,27.5,41.4,38,418,3420,38.0,34,28,62,34,0,3,62,,0.89,0.74,1.63,0.89,1.63,2017-18,36.5,34.1,27.4,61.4,477.0,1150.0,0.96,0.72,1.68,0.9,1.62,Stoke City,2017
Swansea City,26,27.2,45.3,38,418,3420,38.0,27,20,47,26,1,1,51,,0.71,0.53,1.24,0.68,1.21,2017-18,31.6,30.8,20.2,51.0,596.0,1194.0,0.83,0.53,1.36,0.81,1.34,Swansea City,2017
Tottenham,25,25.8,61.8,38,418,3420,38.0,70,51,121,68,2,3,52,,1.84,1.34,3.18,1.79,3.13,2017-18,64.7,62.3,49.0,111.3,862.0,2249.0,1.7,1.29,2.99,1.64,2.93,Tottenham Hotspur,2017
Watford,29,27.9,49.7,38,418,3420,38.0,42,27,69,39,3,6,65,,1.11,0.71,1.82,1.03,1.74,2017-18,45.0,40.2,29.2,69.4,647.0,1455.0,1.19,0.77,1.95,1.06,1.83,Watford,2017
West Brom,24,29.1,40.7,38,418,3420,38.0,31,24,55,30,1,1,73,,0.82,0.63,1.45,0.79,1.42,2017-18,36.5,35.7,25.9,61.6,507.0,1106.0,0.96,0.68,1.64,0.94,1.62,West Brom,2017
West Ham,27,28.0,45.2,38,418,3420,38.0,48,29,77,46,2,4,75,,1.26,0.76,2.03,1.21,1.97,2017-18,36.7,33.6,24.9,58.4,523.0,1179.0,0.97,0.65,1.62,0.88,1.54,West Ham,2017
Arsenal,28,26.7,58.1,38,418,3420,38.0,69,52,121,65,4,5,74,2.0,1.82,1.37,3.18,1.71,3.08,2018-19,60.1,56.0,46.7,102.7,868.0,1874.0,1.58,1.23,2.81,1.47,2.7,Arsenal,2018
Bournemouth,28,26.6,46.9,38,418,3420,38.0,55,43,98,48,7,9,60,1.0,1.45,1.13,2.58,1.26,2.39,2018-19,53.3,46.2,38.8,85.0,738.0,1435.0,1.4,1.02,2.42,1.22,2.24,Bournemouth,2018
Brighton,21,27.4,42.4,38,418,3420,38.0,35,24,59,30,5,6,62,4.0,0.92,0.63,1.55,0.79,1.42,2018-19,35.3,30.7,24.5,55.2,475.0,1150.0,0.93,0.64,1.57,0.81,1.45,Brighton,2018
Burnley,23,28.0,41.2,38,418,3420,38.0,43,32,75,41,2,2,75,1.0,1.13,0.84,1.97,1.08,1.92,2018-19,44.4,42.8,31.2,74.0,421.0,1032.0,1.17,0.82,1.99,1.13,1.95,Burnley,2018
Cardiff City,25,27.7,35.4,38,418,3420,38.0,33,20,53,30,3,4,66,1.0,0.87,0.53,1.39,0.79,1.32,2018-19,42.4,39.2,27.6,66.8,434.0,918.0,1.11,0.73,1.84,1.03,1.76,Cardiff City,2018
Chelsea,24,27.3,62.9,38,418,3420,38.0,61,52,113,56,5,5,49,0.0,1.61,1.37,2.97,1.47,2.84,2018-19,58.6,54.6,44.9,99.6,1058.0,2155.0,1.54,1.18,2.72,1.44,2.62,Chelsea,2018
Crystal Palace,26,27.4,45.2,38,418,3420,38.0,48,33,81,38,10,11,59,2.0,1.26,0.87,2.13,1.0,1.87,2018-19,47.6,39.2,29.5,68.7,771.0,1458.0,1.25,0.78,2.03,1.03,1.81,Crystal Palace,2018
Everton,23,25.7,51.5,38,418,3420,38.0,53,34,87,51,2,5,57,4.0,1.39,0.89,2.29,1.34,2.24,2018-19,49.7,45.7,33.7,79.4,697.0,1581.0,1.31,0.89,2.19,1.2,2.09,Everton,2018
Fulham,28,26.0,48.8,38,418,3420,38.0,33,24,57,31,2,3,72,2.0,0.87,0.63,1.5,0.82,1.45,2018-19,41.3,39.0,30.0,69.0,628.0,1487.0,1.09,0.79,1.88,1.03,1.82,Fulham,2018
Huddersfield,31,26.2,47.2,38,418,3420,38.0,21,13,34,20,1,1,57,4.0,0.55,0.34,0.89,0.53,0.87,2018-19,28.8,28.0,19.9,47.9,601.0,1248.0,0.76,0.52,1.28,0.74,1.26,Huddersfield,2018
Leicester City,25,25.9,50.9,38,418,3420,38.0,48,34,82,43,5,7,63,5.0,1.26,0.89,2.16,1.13,2.03,2018-19,52.4,47.3,37.6,84.9,752.0,1537.0,1.38,0.99,2.37,1.24,2.23,Leicester City,2018
Liverpool,23,26.1,61.8,38,418,3420,38.0,86,55,141,79,7,7,41,2.0,2.26,1.45,3.71,2.08,3.53,2018-19,73.7,68.4,49.8,118.2,857.0,2008.0,1.94,1.31,3.25,1.8,3.11,Liverpool,2018
Manchester City,21,26.7,67.9,38,418,3420,38.0,91,71,162,88,3,4,44,1.0,2.39,1.87,4.26,2.32,4.18,2018-19,84.3,81.3,65.5,146.7,1325.0,2429.0,2.22,1.72,3.94,2.14,3.86,Manchester City,2018
Manchester Utd,28,26.3,54.7,38,418,3420,38.0,65,40,105,56,9,12,77,4.0,1.71,1.05,2.76,1.47,2.53,2018-19,61.4,52.0,39.6,91.6,801.0,1668.0,1.62,1.04,2.66,1.37,2.41,Manchester United,2018
Newcastle Utd,24,26.9,40.4,38,418,3420,38.0,41,33,74,40,1,3,57,2.0,1.08,0.87,1.95,1.05,1.92,2018-19,39.1,36.7,27.4,64.1,467.0,985.0,1.03,0.72,1.75,0.97,1.69,Newcastle Utd,2018
Southampton,30,25.4,43.4,38,418,3420,38.0,44,27,71,40,4,5,75,3.0,1.16,0.71,1.87,1.05,1.76,2018-19,46.9,43.4,29.3,72.7,603.0,1333.0,1.23,0.77,2.0,1.14,1.91,Southampton,2018
Tottenham,28,26.8,59.0,38,418,3420,38.0,66,47,113,62,4,4,58,3.0,1.74,1.24,2.97,1.63,2.87,2018-19,54.9,51.8,39.1,90.9,840.0,1744.0,1.44,1.03,2.47,1.36,2.39,Tottenham Hotspur,2018
Watford,25,28.5,46.7,38,418,3420,38.0,51,39,90,50,1,1,80,4.0,1.34,1.03,2.37,1.32,2.34,2018-19,48.2,47.5,34.8,82.3,588.0,1294.0,1.27,0.92,2.19,1.25,2.17,Watford,2018
West Ham,26,27.6,48.6,38,418,3420,38.0,51,33,84,46,5,5,59,1.0,1.34,0.87,2.21,1.21,2.08,2018-19,47.6,43.8,34.1,77.9,731.0,1478.0,1.25,0.9,2.15,1.15,2.05,West Ham,2018
Wolves,21,26.1,46.8,38,418,3420,38.0,46,35,81,42,4,4,73,1.0,1.21,0.92,2.13,1.11,2.03,2018-19,52.1,49.0,39.4,88.4,743.0,1350.0,1.37,1.04,2.41,1.29,2.33,Wolves,2018
Arsenal,29,25.8,53.8,38,418,3420,38.0,56,35,91,53,3,3,88,5.0,1.47,0.92,2.39,1.39,2.32,2019-20,47.0,44.6,31.4,76.1,815.0,1641.0,1.24,0.83,2.06,1.17,2.0,Arsenal,2019
Aston Villa,28,25.7,44.1,38,418,3420,38.0,40,32,72,39,1,3,70,1.0,1.05,0.84,1.89,1.03,1.87,2019-20,44.3,41.8,34.2,76.0,639.0,1247.0,1.16,0.9,2.06,1.1,2.0,Aston Villa,2019
Bournemouth,27,25.2,44.1,38,418,3420,38.0,38,24,62,34,4,4,78,3.0,1.0,0.63,1.63,0.89,1.53,2019-20,44.8,41.7,30.6,72.3,601.0,1256.0,1.18,0.8,1.98,1.1,1.9,Bournemouth,2019
Brighton,25,26.4,52.2,38,418,3420,38.0,35,24,59,34,1,2,59,2.0,0.92,0.63,1.55,0.89,1.53,2019-20,45.4,43.8,31.6,75.4,669.0,1675.0,1.2,0.83,2.03,1.15,1.99,Brighton,2019
Burnley,22,28.0,41.9,38,418,3420,38.0,41,30,71,38,3,3,67,0.0,1.08,0.79,1.87,1.0,1.79,2019-20,47.4,45.3,32.4,77.7,437.0,890.0,1.25,0.85,2.1,1.19,2.04,Burnley,2019
Chelsea,27,25.5,60.4,38,418,3420,38.0,69,46,115,62,7,7,60,0.0,1.82,1.21,3.03,1.63,2.84,2019-20,69.2,64.4,46.7,111.1,983.0,1897.0,1.82,1.23,3.05,1.7,2.92,Chelsea,2019
Crystal Palace,25,29.4,44.8,38,418,3420,38.0,29,20,49,26,3,3,62,2.0,0.76,0.53,1.29,0.68,1.21,2019-20,35.8,33.6,26.0,59.5,596.0,1223.0,0.94,0.68,1.63,0.88,1.57,Crystal Palace,2019
Everton,24,25.5,49.0,38,418,3420,38.0,42,32,74,41,1,1,76,3.0,1.11,0.84,1.95,1.08,1.92,2019-20,50.8,50.0,38.1,88.1,623.0,1430.0,1.34,1.0,2.34,1.32,2.32,Everton,2019
Leicester City,24,26.1,57.1,38,418,3420,38.0,65,48,113,60,5,7,43,3.0,1.71,1.26,2.97,1.58,2.84,2019-20,62.2,56.7,44.9,101.6,739.0,1612.0,1.64,1.18,2.82,1.49,2.67,Leicester City,2019
Liverpool,24,26.6,62.9,38,418,3420,38.0,83,69,152,78,5,5,38,1.0,2.18,1.82,4.0,2.05,3.87,2019-20,68.9,65.0,53.0,118.0,967.0,1941.0,1.81,1.39,3.21,1.71,3.1,Liverpool,2019
Manchester City,24,26.9,66.2,38,418,3420,38.0,100,69,169,94,6,11,64,4.0,2.63,1.82,4.45,2.47,4.29,2019-20,92.0,83.6,68.4,152.0,1199.0,2460.0,2.42,1.8,4.22,2.2,4.0,Manchester City,2019
Manchester Utd,29,24.8,55.8,38,418,3420,38.0,65,43,108,55,10,14,73,0.0,1.71,1.13,2.84,1.45,2.58,2019-20,62.2,51.2,38.5,89.7,926.0,1788.0,1.64,1.01,2.65,1.35,2.36,Manchester United,2019
Newcastle Utd,28,26.5,39.0,38,418,3420,38.0,38,29,67,38,0,1,66,3.0,1.0,0.76,1.76,1.0,1.76,2019-20,35.5,34.8,26.9,61.7,537.0,844.0,0.94,0.71,1.64,0.91,1.62,Newcastle Utd,2019
Norwich City,30,26.0,49.3,38,418,3420,38.0,25,18,43,23,2,2,68,3.0,0.66,0.47,1.13,0.61,1.08,2019-20,37.0,35.4,27.4,62.8,673.0,1169.0,0.97,0.72,1.69,0.93,1.65,Norwich City,2019
Sheffield Utd,26,26.9,43.1,38,418,3420,38.0,36,25,61,35,1,1,63,2.0,0.95,0.66,1.61,0.92,1.58,2019-20,43.0,42.2,34.0,76.3,493.0,1352.0,1.13,0.9,2.03,1.11,2.01,Sheffield Utd,2019
Southampton,25,25.9,48.9,38,418,3420,38.0,51,32,83,49,2,5,55,4.0,1.34,0.84,2.18,1.29,2.13,2019-20,56.1,52.1,36.4,88.5,628.0,1335.0,1.48,0.96,2.43,1.37,2.33,Southampton,2019
Tottenham,29,26.7,52.0,38,418,3420,38.0,56,39,95,53,3,4,84,3.0,1.47,1.03,2.5,1.39,2.42,2019-20,47.9,44.7,32.6,77.3,768.0,1410.0,1.26,0.86,2.12,1.18,2.03,Tottenham Hotspur,2019
Watford,26,28.9,42.9,38,418,3420,38.0,35,21,56,28,7,8,80,3.0,0.92,0.55,1.47,0.74,1.29,2019-20,48.9,42.6,31.4,74.0,578.0,1168.0,1.29,0.83,2.11,1.12,1.95,Watford,2019
West Ham,29,27.4,44.1,38,418,3420,38.0,49,36,85,45,4,4,64,1.0,1.29,0.95,2.24,1.18,2.13,2019-20,48.6,45.4,36.7,82.2,667.0,1377.0,1.28,0.97,2.24,1.2,2.16,West Ham,2019
Wolves,21,26.6,48.3,38,418,3420,38.0,49,34,83,45,4,4,61,2.0,1.29,0.89,2.18,1.18,2.08,2019-20,54.1,51.0,37.5,88.5,858.0,1338.0,1.42,0.99,2.41,1.34,2.33,Wolves,2019
Arsenal,29,25.9,53.5,38,418,3420,38.0,53,38,91,47,6,6,49,5.0,1.39,1.0,2.39,1.24,2.24,2020-21,51.7,47.0,35.1,82.1,758.0,1760.0,1.36,0.92,2.29,1.24,2.16,Arsenal,2020
Aston Villa,24,25.2,48.5,38,418,3420,38.0,52,38,90,47,5,6,71,4.0,1.37,1.0,2.37,1.24,2.24,2020-21,52.5,47.9,37.4,85.3,629.0,1420.0,1.38,0.98,2.37,1.26,2.25,Aston Villa,2020
Brighton,27,25.8,51.1,38,418,3420,38.0,39,24,63,33,6,9,49,6.0,1.03,0.63,1.66,0.87,1.5,2020-21,50.9,43.8,33.2,77.0,685.0,1516.0,1.34,0.87,2.21,1.15,2.03,Brighton,2020
Burnley,25,28.3,42.1,38,418,3420,38.0,32,20,52,29,3,3,48,0.0,0.84,0.53,1.37,0.76,1.29,2020-21,39.3,36.9,27.7,64.6,389.0,1012.0,1.03,0.73,1.76,0.97,1.7,Burnley,2020
Chelsea,27,26.0,60.9,38,418,3420,38.0,56,38,94,48,8,10,51,3.0,1.47,1.0,2.47,1.26,2.26,2020-21,62.4,54.5,41.5,96.0,895.0,1798.0,1.64,1.09,2.73,1.43,2.53,Chelsea,2020
Crystal Palace,24,29.1,40.6,38,418,3420,38.0,39,29,68,36,3,4,56,2.0,1.03,0.76,1.79,0.95,1.71,2020-21,34.1,31.0,23.6,54.6,526.0,1132.0,0.9,0.62,1.52,0.82,1.44,Crystal Palace,2020
Everton,29,26.3,46.4,38,418,3420,38.0,45,32,77,41,4,5,59,2.0,1.18,0.84,2.03,1.08,1.92,2020-21,45.7,41.9,30.7,72.6,604.0,1184.0,1.2,0.81,2.01,1.1,1.91,Everton,2020
Fulham,28,25.2,49.7,38,418,3420,38.0,26,18,44,23,3,6,67,3.0,0.68,0.47,1.16,0.61,1.08,2020-21,40.5,35.9,26.3,62.2,727.0,1354.0,1.07,0.69,1.76,0.95,1.64,Fulham,2020
Leeds United,23,26.1,57.3,38,418,3420,38.0,60,45,105,56,4,4,61,1.0,1.58,1.18,2.76,1.47,2.66,2020-21,55.6,52.5,41.9,94.3,811.0,1633.0,1.46,1.1,2.57,1.38,2.48,Leeds United,2020
Leicester City,27,26.5,54.3,38,418,3420,38.0,64,45,109,54,10,12,61,0.0,1.68,1.18,2.87,1.42,2.61,2020-21,55.8,46.3,33.7,80.1,666.0,1464.0,1.47,0.89,2.36,1.22,2.11,Leicester City,2020
Liverpool,28,26.8,62.1,38,418,3420,38.0,65,43,108,59,6,6,40,0.0,1.71,1.13,2.84,1.55,2.68,2020-21,67.5,62.9,48.3,111.1,886.0,2057.0,1.78,1.27,3.05,1.65,2.92,Liverpool,2020
Manchester City,24,26.1,63.5,38,418,3420,38.0,82,55,137,77,5,9,46,2.0,2.16,1.45,3.61,2.03,3.47,2020-21,68.2,61.2,45.4,106.6,1096.0,2051.0,1.8,1.19,2.99,1.61,2.81,Manchester City,2020
Manchester Utd,29,25.6,55.7,38,418,3420,38.0,70,51,121,60,10,11,64,1.0,1.84,1.34,3.18,1.58,2.92,2020-21,60.1,51.4,41.6,93.1,877.0,1832.0,1.58,1.1,2.68,1.35,2.45,Manchester United,2020
Newcastle Utd,27,27.1,38.8,38,418,3420,38.0,44,26,70,38,6,7,65,3.0,1.16,0.68,1.84,1.0,1.68,2020-21,43.4,37.8,29.0,66.8,467.0,903.0,1.14,0.76,1.91,1.0,1.76,Newcastle Utd,2020
Sheffield Utd,27,26.7,41.7,38,418,3420,38.0,19,13,32,16,3,4,73,3.0,0.5,0.34,0.84,0.42,0.76,2020-21,32.6,29.5,24.9,54.4,491.0,1196.0,0.86,0.66,1.52,0.78,1.43,Sheffield Utd,2020
Southampton,29,26.6,52.0,38,418,3420,38.0,47,33,80,42,5,6,52,3.0,1.24,0.87,2.11,1.11,1.97,2020-21,41.2,36.6,25.8,62.5,626.0,1195.0,1.09,0.68,1.77,0.96,1.64,Southampton,2020
Tottenham,24,27.2,51.6,38,418,3420,38.0,66,50,116,61,5,5,57,2.0,1.74,1.32,3.05,1.61,2.92,2020-21,53.1,49.2,35.3,84.4,633.0,1330.0,1.4,0.93,2.33,1.29,2.22,Tottenham Hotspur,2020
West Brom,30,26.4,37.9,38,418,3420,38.0,33,20,53,29,4,4,51,4.0,0.87,0.53,1.39,0.76,1.29,2020-21,35.8,32.7,24.4,57.1,441.0,1027.0,0.94,0.64,1.59,0.86,1.5,West Brom,2020
West Ham,24,27.8,43.2,38,418,3420,38.0,60,46,106,58,2,4,50,3.0,1.58,1.21,2.79,1.53,2.74,2020-21,55.4,52.1,39.6,91.7,659.0,1282.0,1.46,1.04,2.5,1.37,2.41,West Ham,2020
Wolves,27,26.3,49.3,38,418,3420,38.0,34,21,55,30,4,4,55,1.0,0.89,0.55,1.45,0.79,1.34,2020-21,36.5,33.4,24.1,57.6,800.0,1283.0,0.96,0.63,1.6,0.88,1.51,Wolves,2020
Arsenal,27,24.4,52.8,38,418,3420,38.0,60,41,101,55,5,8,67,4.0,1.58,1.08,2.66,1.45,2.53,2021-22,60.5,55.1,40.2,95.4,734.0,1655.0,1.59,1.06,2.65,1.45,2.51,Arsenal,2021
Aston Villa,31,26.1,46.5,38,418,3420,38.0,50,42,92,47,3,3,81,2.0,1.32,1.11,2.42,1.24,2.34,2021-22,44.0,42.0,34.8,76.8,653.0,1300.0,1.16,0.92,2.08,1.1,2.02,Aston Villa,2021
Brentford,29,25.4,44.8,38,418,3420,38.0,46,33,79,40,6,6,65,3.0,1.21,0.87,2.08,1.05,1.92,2021-22,45.8,41.1,33.0,74.1,450.0,1189.0,1.21,0.87,2.07,1.08,1.95,Brentford,2021
Brighton,26,26.2,54.4,38,418,3420,38.0,40,30,70,36,4,7,72,2.0,1.05,0.79,1.84,0.95,1.74,2021-22,46.2,40.7,32.3,72.9,676.0,1547.0,1.21,0.85,2.06,1.07,1.92,Brighton,2021
Burnley,23,28.5,40.2,38,418,3420,38.0,32,26,58,31,1,2,68,2.0,0.84,0.68,1.53,0.82,1.5,2021-22,39.7,38.1,31.2,69.3,388.0,972.0,1.05,0.82,1.87,1.0,1.82,Burnley,2021
Chelsea,26,27.4,61.8,38,418,3420,38.0,75,52,127,67,8,9,63,1.0,1.97,1.37,3.34,1.76,3.13,2021-22,63.4,56.6,44.9,101.5,894.0,1967.0,1.67,1.18,2.85,1.49,2.67,Chelsea,2021
Crystal Palace,24,27.1,51.1,38,418,3420,38.0,50,31,81,44,6,8,69,1.0,1.32,0.82,2.13,1.16,1.97,2021-22,46.4,40.1,31.0,71.1,592.0,1229.0,1.22,0.82,2.04,1.06,1.87,Crystal Palace,2021
Everton,33,26.7,40.0,38,418,3420,38.0,42,29,71,36,6,7,82,6.0,1.11,0.76,1.87,0.95,1.71,2021-22,41.2,35.8,28.5,64.3,512.0,1100.0,1.09,0.75,1.83,0.94,1.69,Everton,2021
Leeds United,29,26.1,52.3,38,418,3420,38.0,42,26,68,37,5,5,101,3.0,1.11,0.68,1.79,0.97,1.66,2021-22,44.4,40.4,31.3,71.8,671.0,1483.0,1.17,0.82,1.99,1.06,1.89,Leeds United,2021
Leicester City,28,26.5,52.0,38,418,3420,38.0,62,46,108,60,2,2,55,1.0,1.63,1.21,2.84,1.58,2.79,2021-22,47.8,46.2,34.2,80.4,622.0,1356.0,1.26,0.9,2.16,1.22,2.12,Leicester City,2021
Liverpool,27,27.7,62.7,38,418,3420,38.0,94,71,165,87,7,8,50,1.0,2.47,1.87,4.34,2.29,4.16,2021-22,88.7,82.7,63.5,146.2,885.0,2243.0,2.33,1.67,4.0,2.18,3.85,Liverpool,2021
Manchester City,26,27.0,67.9,38,418,3420,38.0,96,63,159,89,7,9,42,1.0,2.53,1.66,4.18,2.34,4.0,2021-22,88.7,81.4,65.5,146.9,1145.0,2421.0,2.33,1.72,4.06,2.14,3.87,Manchester City,2021
Manchester Utd,29,27.2,52.7,38,418,3420,38.0,56,46,102,53,3,5,77,2.0,1.47,1.21,2.68,1.39,2.61,2021-22,55.8,51.9,42.5,94.3,784.0,1568.0,1.47,1.12,2.59,1.36,2.48,Manchester United,2021
Newcastle Utd,29,27.5,40.4,38,418,3420,38.0,41,23,64,38,3,3,81,2.0,1.08,0.61,1.68,1.0,1.61,2021-22,38.1,35.9,25.8,61.7,544.0,923.0,1.0,0.68,1.68,0.94,1.62,Newcastle Utd,2021
Norwich City,28,26.2,42.9,38,418,3420,38.0,21,16,37,18,3,3,57,1.0,0.55,0.42,0.97,0.47,0.89,2021-22,32.3,30.0,24.3,54.3,566.0,1031.0,0.85,0.64,1.49,0.79,1.43,Norwich City,2021
Southampton,25,25.7,47.7,38,418,3420,38.0,41,26,67,37,4,4,65,2.0,1.08,0.68,1.76,0.97,1.66,2021-22,44.8,41.6,32.5,74.1,728.0,1326.0,1.18,0.85,2.03,1.1,1.95,Southampton,2021
Tottenham,25,26.5,51.8,38,418,3420,38.0,63,50,113,58,5,5,69,1.0,1.66,1.32,2.97,1.53,2.84,2021-22,61.2,57.3,47.0,104.4,791.0,1459.0,1.61,1.24,2.85,1.51,2.75,Tottenham Hotspur,2021
Watford,30,28.4,40.7,38,418,3420,38.0,33,26,59,32,1,2,63,3.0,0.87,0.68,1.55,0.84,1.53,2021-22,40.0,38.4,32.5,70.9,557.0,1070.0,1.05,0.86,1.91,1.01,1.87,Watford,2021
West Ham,25,28.2,47.9,38,418,3420,38.0,58,46,104,54,4,6,52,3.0,1.53,1.21,2.74,1.42,2.63,2021-22,51.4,46.8,37.4,84.2,646.0,1449.0,1.35,0.99,2.34,1.23,2.22,West Ham,2021
Wolves,26,27.3,49.5,38,418,3420,38.0,35,22,57,34,1,1,62,2.0,0.92,0.58,1.5,0.89,1.47,2021-22,37.5,36.8,26.4,63.2,723.0,1283.0,0.99,0.69,1.68,0.97,1.66,Wolves,2021
Arsenal,26,24.7,59.3,38,418,3420,38.0,84,64,148,81,3,4,51,0.0,2.21,1.68,3.89,2.13,3.82,2022-23,71.6,68.9,53.5,122.4,824.0,2049.0,1.88,1.41,3.29,1.81,3.22,Arsenal,2022
Aston Villa,26,27.0,49.3,38,418,3420,38.0,49,35,84,46,3,4,80,1.0,1.29,0.92,2.21,1.21,2.13,2022-23,50.3,47.2,38.8,86.0,637.0,1242.0,1.32,1.02,2.34,1.24,2.26,Aston Villa,2022
Bournemouth,31,26.3,40.4,38,418,3420,38.0,37,24,61,37,0,0,68,0.0,0.97,0.63,1.61,0.97,1.61,2022-23,38.5,38.5,28.4,66.9,504.0,1006.0,1.01,0.75,1.76,1.01,1.76,Bournemouth,2022
Brentford,25,26.2,43.8,38,418,3420,38.0,56,36,92,49,7,8,57,1.0,1.47,0.95,2.42,1.29,2.24,2022-23,56.3,50.1,38.4,88.5,392.0,1131.0,1.48,1.01,2.49,1.32,2.33,Brentford,2022
Brighton,29,26.3,60.2,38,418,3420,38.0,68,46,114,62,6,6,58,0.0,1.79,1.21,3.0,1.63,2.84,2022-23,73.3,68.9,52.2,121.2,809.0,1849.0,1.93,1.37,3.3,1.81,3.19,Brighton,2022
Chelsea,32,26.3,58.7,38,418,3420,38.0,37,27,64,34,3,3,81,3.0,0.97,0.71,1.68,0.89,1.61,2022-23,49.5,47.2,38.6,85.8,829.0,1737.0,1.3,1.02,2.32,1.24,2.26,Chelsea,2022
Crystal Palace,26,26.7,46.3,38,418,3420,38.0,38,29,67,37,1,3,82,3.0,1.0,0.76,1.76,0.97,1.74,2022-23,39.3,36.8,29.0,65.8,556.0,1243.0,1.03,0.76,1.8,0.97,1.73,Crystal Palace,2022
Everton,28,26.6,42.8,38,418,3420,38.0,32,24,56,29,3,3,81,2.0,0.84,0.63,1.47,0.76,1.39,2022-23,45.2,42.8,32.4,75.1,500.0,1052.0,1.19,0.85,2.04,1.13,1.98,Everton,2022
Fulham,29,28.2,48.8,38,418,3420,38.0,52,33,85,47,5,9,80,1.0,1.37,0.87,2.24,1.24,2.11,2022-23,46.2,39.1,28.5,67.7,663.0,1326.0,1.22,0.75,1.97,1.03,1.78,Fulham,2022
Leeds United,29,25.3,47.0,38,418,3420,38.0,45,31,76,44,1,3,89,3.0,1.18,0.82,2.0,1.16,1.97,2022-23,47.3,44.9,31.8,76.7,555.0,1429.0,1.24,0.84,2.08,1.18,2.02,Leeds United,2022
Leicester City,28,26.1,47.7,38,418,3420,38.0,49,36,85,46,3,6,63,2.0,1.29,0.95,2.24,1.21,2.16,2022-23,50.5,45.7,38.4,84.1,580.0,1304.0,1.33,1.01,2.34,1.2,2.21,Leicester City,2022
Liverpool,28,27.4,60.8,38,418,3420,38.0,71,58,129,69,2,4,57,1.0,1.87,1.53,3.39,1.82,3.34,2022-23,71.5,68.4,55.6,124.1,719.0,1992.0,1.88,1.46,3.35,1.8,3.26,Liverpool,2022
Manchester City,24,27.2,64.7,38,418,3420,38.0,92,69,161,83,9,10,44,1.0,2.42,1.82,4.24,2.18,4.0,2022-23,78.6,71.1,57.5,128.6,988.0,2073.0,2.07,1.51,3.58,1.87,3.38,Manchester City,2022
Manchester Utd,26,26.9,53.7,38,418,3420,38.0,56,42,98,53,3,3,78,2.0,1.47,1.11,2.58,1.39,2.5,2022-23,67.7,65.3,52.2,117.5,711.0,1595.0,1.78,1.37,3.15,1.72,3.09,Manchester United,2022
Newcastle Utd,27,27.3,52.3,38,418,3420,38.0,64,42,106,58,6,6,61,1.0,1.68,1.11,2.79,1.53,2.63,2022-23,71.9,67.3,51.8,119.1,695.0,1618.0,1.89,1.36,3.26,1.77,3.13,Newcastle Utd,2022
Nott'ham Forest,33,26.5,37.6,38,418,3420,38.0,36,22,58,33,3,6,84,0.0,0.95,0.58,1.53,0.87,1.45,2022-23,39.3,34.6,26.3,61.0,436.0,859.0,1.03,0.69,1.73,0.91,1.6,Nott'ham Forest,2022
Southampton,36,24.7,44.5,38,418,3420,38.0,36,25,61,34,2,4,73,0.0,0.95,0.66,1.61,0.89,1.55,2022-23,37.8,34.6,28.1,62.7,588.0,1125.0,0.99,0.74,1.73,0.91,1.65,Southampton,2022
Tottenham,29,27.6,50.0,38,418,3420,38.0,68,46,114,63,5,6,77,3.0,1.79,1.21,3.0,1.66,2.87,2022-23,57.0,52.3,43.0,95.4,692.0,1449.0,1.5,1.13,2.63,1.38,2.51,Tottenham Hotspur,2022
West Ham,25,28.2,42.1,38,418,3420,38.0,41,25,66,35,6,8,44,0.0,1.08,0.66,1.74,0.92,1.58,2022-23,49.2,43.7,32.7,76.4,615.0,1274.0,1.29,0.86,2.15,1.15,2.01,West Ham,2022
Wolves,32,26.7,49.9,38,418,3420,38.0,28,12,40,25,3,3,85,6.0,0.74,0.32,1.05,0.66,0.97,2022-23,36.8,34.5,25.4,60.0,610.0,1343.0,0.97,0.67,1.64,0.91,1.58,Wolves,2022
Arsenal,25,25.0,58.2,38,418,3420,38.0,86,62,148,76,10,10,64,2.0,2.26,1.63,3.89,2.0,3.63,2023-24,76.1,68.5,55.3,123.8,821.0,2106.0,2.0,1.46,3.46,1.8,3.26,Arsenal,2023
Aston Villa,31,26.9,53.1,38,418,3420,38.0,72,55,127,68,4,4,94,2.0,1.89,1.45,3.34,1.79,3.24,2023-24,63.3,60.3,48.6,108.9,775.0,1451.0,1.67,1.28,2.95,1.59,2.87,Aston Villa,2023
Bournemouth,30,25.7,44.4,38,418,3420,38.0,52,39,91,50,2,3,79,3.0,1.37,1.03,2.39,1.32,2.34,2023-24,55.9,53.6,40.5,94.0,709.0,1314.0,1.47,1.06,2.54,1.41,2.47,Bournemouth,2023
Brentford,28,26.6,45.2,38,418,3420,38.0,54,38,92,51,3,3,89,2.0,1.42,1.0,2.42,1.34,2.34,2023-24,58.2,56.0,42.7,98.8,505.0,1283.0,1.53,1.12,2.66,1.47,2.6,Brentford,2023
Brighton,30,25.9,59.8,38,418,3420,38.0,50,36,86,45,5,6,90,3.0,1.32,0.95,2.26,1.18,2.13,2023-24,56.8,52.2,41.6,93.8,864.0,1780.0,1.49,1.09,2.59,1.37,2.47,Brighton,2023
Burnley,31,24.5,47.4,38,418,3420,38.0,40,30,70,37,3,3,77,7.0,1.05,0.79,1.84,0.97,1.76,2023-24,40.6,38.3,29.7,68.0,727.0,1181.0,1.07,0.78,1.85,1.01,1.79,Burnley,2023
Chelsea,32,24.2,58.6,38,418,3420,38.0,76,51,127,65,11,12,109,4.0,2.0,1.34,3.34,1.71,3.05,2023-24,74.5,65.1,51.4,116.5,873.0,1615.0,1.96,1.35,3.31,1.71,3.06,Chelsea,2023
Crystal Palace,26,26.8,42.3,38,418,3420,38.0,56,43,99,52,4,4,73,2.0,1.47,1.13,2.61,1.37,2.5,2023-24,48.6,45.4,38.7,84.1,506.0,1176.0,1.28,1.02,2.3,1.2,2.21,Crystal Palace,2023
Everton,26,27.1,40.8,38,418,3420,38.0,40,17,57,38,2,3,82,1.0,1.05,0.45,1.5,1.0,1.45,2023-24,54.0,51.6,38.1,89.8,495.0,1129.0,1.42,1.0,2.43,1.36,2.36,Everton,2023
Fulham,25,28.4,50.6,38,418,3420,38.0,54,40,94,52,2,2,84,4.0,1.42,1.05,2.47,1.37,2.42,2023-24,50.8,49.2,37.6,86.8,670.0,1467.0,1.34,0.99,2.33,1.3,2.29,Fulham,2023
Liverpool,30,26.3,61.3,38,418,3420,38.0,80,60,140,74,6,9,69,5.0,2.11,1.58,3.68,1.95,3.53,2023-24,87.8,80.4,63.7,144.1,924.0,2110.0,2.31,1.68,3.98,2.12,3.79,Liverpool,2023
Luton Town,28,26.7,42.4,38,418,3420,38.0,49,33,82,44,5,5,71,0.0,1.29,0.87,2.16,1.16,2.03,2023-24,42.4,38.6,29.5,68.2,675.0,1113.0,1.12,0.78,1.89,1.02,1.79,Luton Town,2023
Manchester City,25,26.6,65.2,38,418,3420,38.0,94,69,163,85,9,10,53,2.0,2.47,1.82,4.29,2.24,4.05,2023-24,80.5,72.9,60.2,133.1,1127.0,2060.0,2.12,1.58,3.7,1.92,3.5,Manchester City,2023
Manchester Utd,31,26.1,50.6,38,418,3420,38.0,57,36,93,51,6,7,83,1.0,1.5,0.95,2.45,1.34,2.29,2023-24,56.5,51.0,40.1,91.0,758.0,1479.0,1.49,1.06,2.54,1.34,2.4,Manchester United,2023
Newcastle Utd,32,27.2,52.2,38,418,3420,38.0,83,55,138,75,8,9,79,1.0,2.18,1.45,3.63,1.97,3.42,2023-24,76.0,69.0,51.3,120.3,737.0,1557.0,2.0,1.35,3.35,1.82,3.17,Newcastle Utd,2023
Nott'ham Forest,33,25.7,40.6,38,418,3420,38.0,49,43,92,48,1,1,82,3.0,1.29,1.13,2.42,1.26,2.39,2023-24,49.9,49.1,37.9,87.0,601.0,1141.0,1.31,1.0,2.31,1.29,2.29,Nott'ham Forest,2023
Sheffield Utd,35,25.7,35.8,38,418,3420,38.0,31,18,49,26,5,5,101,5.0,0.82,0.47,1.29,0.68,1.16,2023-24,38.3,34.5,25.8,60.3,346.0,884.0,1.01,0.68,1.69,0.91,1.59,Sheffield Utd,2023
Tottenham,29,25.2,61.6,38,418,3420,38.0,69,58,127,67,2,2,92,4.0,1.82,1.53,3.34,1.76,3.29,2023-24,68.2,66.7,57.4,124.1,957.0,2107.0,1.79,1.51,3.31,1.75,3.27,Tottenham Hotspur,2023
West Ham,26,28.3,41.1,38,418,3420,38.0,58,40,98,54,4,5,82,3.0,1.53,1.05,2.58,1.42,2.47,2023-24,52.3,48.4,34.8,83.2,556.0,1207.0,1.38,0.92,2.29,1.27,2.19,West Ham,2023
Wolves,27,26.6,48.9,38,418,3420,38.0,47,36,83,43,4,4,102,4.0,1.24,0.95,2.18,1.13,2.08,2023-24,46.7,43.6,31.8,75.4,671.0,1180.0,1.23,0.84,2.07,1.15,1.98,Wolves,2023
Arsenal,25,25.8,56.9,38,418,3420,38.0,67,55,122,65,2,2,70,6.0,1.76,1.45,3.21,1.71,3.16,2024-25,59.9,58.4,45.3,103.6,852.0,1826.0,1.58,1.19,2.77,1.54,2.73,Arsenal,2024
Aston Villa,28,27.0,50.5,38,418,3420,38.0,56,45,101,53,3,6,76,4.0,1.47,1.18,2.66,1.39,2.58,2024-25,56.1,51.3,41.7,93.0,720.0,1344.0,1.48,1.1,2.57,1.35,2.45,Aston Villa,2024
Bournemouth,29,25.1,48.5,38,418,3420,38.0,57,41,98,51,6,7,97,3.0,1.5,1.08,2.58,1.34,2.42,2024-25,64.0,58.5,43.8,102.3,754.0,1489.0,1.68,1.15,2.84,1.54,2.69,Bournemouth,2024
Brentford,28,25.8,47.9,38,418,3420,38.0,65,44,109,60,5,6,62,1.0,1.71,1.16,2.87,1.58,2.74,2024-25,59.0,54.4,42.4,96.8,598.0,1356.0,1.55,1.12,2.67,1.43,2.55,Brentford,2024
Brighton,32,24.8,52.3,38,418,3420,38.0,64,41,105,57,7,7,78,3.0,1.68,1.08,2.76,1.5,2.58,2024-25,58.7,53.3,40.4,93.7,816.0,1539.0,1.54,1.06,2.61,1.4,2.47,Brighton,2024
Chelsea,29,23.7,57.1,38,418,3420,38.0,61,47,108,57,4,5,101,2.0,1.61,1.24,2.84,1.5,2.74,2024-25,67.8,63.8,52.7,116.5,861.0,1595.0,1.78,1.39,3.17,1.68,3.07,Chelsea,2024
Crystal Palace,29,26.2,42.8,38,418,3420,38.0,49,38,87,46,3,4,80,4.0,1.29,1.0,2.29,1.21,2.21,2024-25,60.4,57.3,46.4,103.7,510.0,1158.0,1.59,1.22,2.81,1.51,2.73,Crystal Palace,2024
Everton,26,28.0,40.9,38,418,3420,38.0,39,27,66,37,2,2,82,2.0,1.03,0.71,1.74,0.97,1.68,2024-25,41.8,40.2,32.2,72.4,486.0,1041.0,1.1,0.85,1.95,1.06,1.91,Everton,2024
Fulham,26,28.1,52.3,38,418,3420,38.0,53,44,97,50,3,4,80,2.0,1.39,1.16,2.55,1.32,2.47,2024-25,49.0,45.9,37.5,83.4,786.0,1558.0,1.29,0.99,2.28,1.21,2.2,Fulham,2024
Ipswich Town,32,25.8,40.6,38,418,3420,38.0,35,26,61,33,2,2,93,5.0,0.92,0.68,1.61,0.87,1.55,2024-25,34.4,32.8,24.2,57.0,513.0,935.0,0.9,0.64,1.54,0.86,1.5,Ipswich Town,2024
Leicester City,32,26.6,45.4,38,418,3420,38.0,33,25,58,31,2,3,87,0.0,0.87,0.66,1.53,0.82,1.47,2024-25,32.6,30.4,25.1,55.5,576.0,1082.0,0.86,0.66,1.52,0.8,1.46,Leicester City,2024
Liverpool,24,27.2,57.7,38,418,3420,38.0,85,65,150,76,9,9,67,3.0,2.24,1.71,3.95,2.0,3.71,2024-25,82.2,75.2,61.6,136.8,826.0,1924.0,2.16,1.62,3.78,1.98,3.6,Liverpool,2024
Manchester City,30,26.8,61.3,38,418,3420,38.0,71,51,122,68,3,4,59,2.0,1.87,1.34,3.21,1.79,3.13,2024-25,68.1,64.9,54.2,119.1,1146.0,1944.0,1.79,1.43,3.22,1.71,3.13,Manchester City,2024
Manchester Utd,31,25.5,53.5,38,418,3420,38.0,42,29,71,38,4,4,86,3.0,1.11,0.76,1.87,1.0,1.76,2024-25,52.6,49.4,39.7,89.1,697.0,1448.0,1.38,1.04,2.43,1.3,2.35,Manchester United,2024
Newcastle Utd,24,27.4,51.3,38,418,3420,38.0,66,50,116,61,5,6,68,1.0,1.74,1.32,3.05,1.61,2.92,2024-25,63.8,59.5,46.0,105.5,759.0,1595.0,1.68,1.21,2.89,1.57,2.78,Newcastle Utd,2024
Nott'ham Forest,23,26.1,41.2,38,418,3420,38.0,57,42,99,54,3,3,90,2.0,1.5,1.11,2.61,1.42,2.53,2024-25,45.5,43.2,33.0,76.2,633.0,1125.0,1.2,0.87,2.07,1.14,2.0,Nott'ham Forest,2024
Southampton,36,25.2,48.5,38,418,3420,38.0,25,16,41,25,0,2,89,3.0,0.66,0.42,1.08,0.66,1.08,2024-25,32.7,30.9,24.8,55.8,640.0,1127.0,0.86,0.65,1.51,0.81,1.47,Southampton,2024
Tottenham,31,25.0,54.7,38,418,3420,38.0,61,47,108,58,3,4,72,1.0,1.61,1.24,2.84,1.53,2.76,2024-25,58.8,55.7,44.4,100.1,840.0,1593.0,1.55,1.17,2.72,1.47,2.63,Tottenham Hotspur,2024
West Ham,27,28.1,48.4,38,418,3420,38.0,43,29,72,40,3,3,82,3.0,1.13,0.76,1.89,1.05,1.82,2024-25,47.0,44.7,33.9,78.6,632.0,1222.0,1.24,0.89,2.13,1.18,2.07,West Ham,2024
Wolves,32,26.9,48.1,38,418,3420,38.0,53,42,95,53,0,0,79,2.0,1.39,1.11,2.5,1.39,2.5,2024-25,43.7,43.7,35.4,79.1,607.0,1185.0,1.15,0.93,2.08,1.15,2.08,Wolves,2024
Arsenal,21,26.1,57.6,7,77,630,7.0,14,9,23,12,2,2,9,0.0,2.0,1.29,3.29,1.71,3.0,2025-26,11.9,10.3,6.5,16.8,153.0,293.0,1.7,0.93,2.63,1.47,2.41,Arsenal,2025
Aston Villa,23,28.4,57.1,7,77,630,7.0,6,6,12,6,0,0,13,1.0,0.86,0.86,1.71,0.86,1.71,2025-26,5.9,5.9,4.6,10.5,112.0,277.0,0.85,0.66,1.5,0.85,1.5,Aston Villa,2025
Bournemouth,23,25.9,50.9,7,77,630,7.0,11,9,20,10,1,1,16,0.0,1.57,1.29,2.86,1.43,2.71,2025-26,8.4,7.6,6.1,13.7,123.0,267.0,1.19,0.87,2.07,1.08,1.95,Bournemouth,2025
Brentford,20,25.2,39.1,7,77,630,7.0,9,5,14,8,1,2,14,0.0,1.29,0.71,2.0,1.14,1.86,2025-26,8.4,6.9,5.2,12.1,81.0,155.0,1.2,0.74,1.94,0.98,1.72,Brentford,2025
Brighton,20,26.1,47.0,7,77,630,7.0,10,7,17,8,2,3,22,0.0,1.43,1.0,2.43,1.14,2.14,2025-26,11.2,8.9,7.4,16.3,122.0,237.0,1.6,1.06,2.66,1.27,2.33,Brighton,2025
Burnley,21,27.6,35.6,7,77,630,7.0,7,6,13,7,0,0,12,1.0,1.0,0.86,1.86,1.0,1.86,2025-26,4.9,4.9,4.0,8.9,52.0,160.0,0.7,0.57,1.27,0.7,1.27,Burnley,2025
Chelsea,25,24.4,59.9,7,77,630,7.0,13,9,22,12,1,1,15,2.0,1.86,1.29,3.14,1.71,3.0,2025-26,10.9,10.1,7.6,17.7,141.0,278.0,1.56,1.08,2.64,1.44,2.53,Chelsea,2025
Crystal Palace,20,26.8,41.3,7,77,630,7.0,9,4,13,8,1,1,17,0.0,1.29,0.57,1.86,1.14,1.71,2025-26,12.7,11.9,8.6,20.5,75.0,216.0,1.82,1.23,3.04,1.7,2.93,Crystal Palace,2025
Everton,19,28.5,46.3,7,77,630,7.0,9,7,16,8,1,1,18,0.0,1.29,1.0,2.29,1.14,2.14,2025-26,9.7,8.9,7.4,16.4,111.0,244.0,1.39,1.06,2.45,1.28,2.34,Everton,2025
Fulham,21,28.0,50.6,7,77,630,7.0,6,5,11,6,0,0,16,0.0,0.86,0.71,1.57,0.86,1.57,2025-26,7.3,7.3,5.9,13.2,131.0,250.0,1.04,0.85,1.89,1.04,1.89,Fulham,2025
Leeds United,21,27.0,45.3,7,77,630,7.0,7,2,9,6,1,1,10,0.0,1.0,0.29,1.29,0.86,1.14,2025-26,7.6,6.9,4.8,11.7,96.0,207.0,1.09,0.69,1.77,0.99,1.67,Leeds United,2025
Liverpool,22,27.0,61.6,7,77,630,7.0,13,9,22,12,1,1,15,0.0,1.86,1.29,3.14,1.71,3.0,2025-26,10.9,10.2,8.8,19.0,173.0,337.0,1.56,1.26,2.81,1.45,2.71,Liverpool,2025
Manchester City,22,25.5,57.0,7,77,630,7.0,13,11,24,13,0,0,10,0.0,1.86,1.57,3.43,1.86,3.43,2025-26,12.1,12.1,10.5,22.6,168.0,269.0,1.73,1.5,3.22,1.73,3.22,Manchester City,2025
Manchester Utd,20,26.3,53.0,7,77,630,7.0,7,4,11,6,1,3,8,1.0,1.0,0.57,1.57,0.86,1.43,2025-26,13.6,11.2,8.1,19.4,148.0,290.0,1.94,1.16,3.1,1.61,2.77,Manchester United,2025
Newcastle Utd,21,28.0,49.3,7,77,630,7.0,6,4,10,5,1,1,8,1.0,0.86,0.57,1.43,0.71,1.29,2025-26,8.4,7.6,6.5,14.1,111.0,301.0,1.2,0.93,2.13,1.09,2.02,Newcastle Utd,2025
Nott'ham Forest,24,26.7,56.0,7,77,630,7.0,5,3,8,5,0,0,14,0.0,0.71,0.43,1.14,0.71,1.14,2025-26,6.6,6.6,5.4,12.0,143.0,332.0,0.94,0.78,1.71,0.94,1.71,Nott'ham Forest,2025
Sunderland,23,25.3,44.0,7,77,630,7.0,7,5,12,6,1,1,13,1.0,1.0,0.71,1.71,0.86,1.57,2025-26,6.7,5.9,4.5,10.5,87.0,210.0,0.96,0.64,1.61,0.85,1.49,Sunderland,2025
Tottenham,19,25.6,55.6,7,77,630,7.0,12,10,22,12,0,0,15,0.0,1.71,1.43,3.14,1.71,3.14,2025-26,7.4,7.4,5.8,13.2,130.0,271.0,1.05,0.83,1.88,1.05,1.88,Tottenham Hotspur,2025
West Ham,24,27.3,46.0,7,77,630,7.0,6,4,10,5,1,1,10,1.0,0.86,0.57,1.43,0.71,1.29,2025-26,6.6,5.8,5.0,10.8,84.0,222.0,0.94,0.72,1.66,0.83,1.55,West Ham,2025
Wolves,23,26.9,47.1,7,77,630,7.0,4,3,7,4,0,0,14,1.0,0.57,0.43,1.0,0.57,1.0,2025-26,6.1,6.1,4.1,10.2,82.0,203.0,0.87,0.58,1.46,0.87,1.46,Wolves,2025
